stime,flgs_number,proto_number,pkts,bytes,state_number,ltime,seq,dur,mean,stddev,sum,min,max,spkts,dpkts,sbytes,dbytes,rate,srate,drate,TnBPSrcIP,TnBPDstIP,TnP_PSrcIP,TnP_PDstIP,TnP_PerProto,TnP_Per_Dport,AR_P_Proto_P_SrcIP,AR_P_Proto_P_DstIP,N_IN_Conn_P_DstIP,N_IN_Conn_P_SrcIP,AR_P_Proto_P_Sport,AR_P_Proto_P_Dport,Pkts_P_State_P_Protocol_P_DestIP,Pkts_P_State_P_Protocol_P_SrcIP,target
0.5733013,0.0,0.5,8.564577e-05,5.011604e-06,0.3,0.57309,0.49719122,0.009384021,0.61914206,0.7133372,0.006448888,0.0,0.8293132,0.00017129154,0.0,1.0014048e-05,0.0,2.30701e-07,2.3070103e-07,0.0,0.00019029851,0.0001902984,0.0030995307,0.0030995032,0.0030607956,0.002859785,9.9160744e-08,2.6915097e-07,1.0,1.0,8.9717e-08,1.3457552e-07,0.0062109595,0.0059268437,1
0.5733013,0.0,0.5,0.00012846866,7.5174066e-06,0.3,0.57309,0.76804566,0.008400243,0.51817596,0.009350508,0.006746551,0.5106635,0.52198315,0.00025693732,0.0,1.4782641e-05,0.0,3.8657902e-07,3.8657905e-07,0.0,0.0002719717,0.0002719715,0.0044298014,0.0044297623,0.0043744417,0.0040871603,1.5824692e-07,4.2952797e-07,1.0,1.0,1.4317733e-07,2.14764e-07,0.008876608,0.008470554,1
0.576842,0.125,0.0,2.8548591e-05,5.596292e-06,0.20000002,0.5766297,0.95839614,0.0051399195,0.40428028,0.8066752,0.0021054614,0.0,0.8056312,5.7097182e-05,0.0,1.112672e-05,0.0,1.40398e-07,1.4039801e-07,0.0,0.00026380437,0.00026380422,0.0022126837,0.002212664,0.0021850315,0.0020415345,1.2930897e-07,3.50982e-07,1.0,1.0,7.019899e-08,1.7549101e-07,0.001243969,0.0011870645,1
0.000505805,0.0,0.25,1.4274294e-05,8.352672e-07,0.10000001,0.00046354532,0.08505362,2.8405339e-08,1.5616417e-05,0.0,4.0978193e-08,1.5661168e-05,1.5676022e-05,0.0,2.8547774e-05,4.768599e-07,1.755323e-06,0.012820514,0.0,0.0,0.14629412,6.9785165e-06,0.1541296,9.3118055e-05,9.1955066e-05,8.591614e-05,0.00944667,6.936716e-09,0.060606062,0.060606122,3.1793235e-09,4.7689923e-09,0.0001332825,8.478761e-06,0
0.0008429885,0.0,0.5,1.4274294e-05,1.1568454e-05,0.10000001,0.0008006692,0.008733422,6.0440507e-05,0.033623815,0.0,8.755503e-05,0.033633363,0.033501983,0.0,2.8547774e-05,1.1391649e-06,2.3579838e-05,5.969793e-06,0.0,0.0,0.003752896,3.7705904e-06,0.016136184,4.4342596e-06,0.5458769,0.00040503382,4.9777664e-06,1.19396e-05,0.0,0.22222227,3.979867e-06,4.1539295e-08,8.885749e-06,0.00029676594,0
0.0025712252,0.0,0.5,1.4274294e-05,5.763345e-06,0.10000001,0.0025283694,0.014396787,3.756024e-06,0.00208956,0.0,5.441718e-06,0.0020901638,0.0020819902,0.0,2.8547774e-05,1.3775943e-06,1.1117045e-05,9.606149e-05,0.0,0.0,0.00022068547,4.0836603e-06,0.0008380705,1.3302546e-05,0.00061741355,0.0004950415,3.497512e-06,0.00019635799,0.01010102,0.7373737,6.4041e-05,4.74663e-06,2.6656315e-05,0.0010259629,0
0.0018967986,0.0,0.0,0.49674547,0.4471961,0.10000001,0.0024440885,3.8146973e-06,0.6299178,0.99701047,0.003120035,0.9034695,0.9939714,0.9998595,0.99349093,0.0,0.851024,0.0,1.9933468e-05,1.9933466e-05,0.0,0.6100194,0.61001897,0.6172457,0.61724013,0.6161702,0.90407664,7.344095e-06,1.9933997e-05,0.02020204,0.02020204,4.4850335e-06,1.11291e-05,0.30921513,0.29507032,0
0.572121,0.125,0.0,9.9920064e-05,1.23898e-05,0.0,0.57191014,0.5820733,0.010678669,0.028540373,0.06326112,0.00037159165,0.0,0.0780254,0.000114194365,8.5643325e-05,1.9286314e-05,5.265969e-06,2.3652001e-07,1.3540703e-07,1.438608e-06,0.00032161083,0.00032161063,0.0023900531,0.002390032,0.002754278,0.0025733975,8.210066e-08,2.2284499e-07,0.8181818,0.8181818,9.0103e-08,1.11460004e-07,0.0026745333,0.0025521887,1
0.0020654202,0.0,1.0,0.0,1.3921135e-07,0.70000005,0.0020226836,0.03243953,0.0,0.0,0.0,0.0,0.0,0.0,0.0,0.0,7.4178206e-07,0.0,0.0,0.0,0.0,4.537287e-08,6.806222e-07,0.0,8.868519e-06,8.757459e-06,0.055199172,0.0,0.0,0.02020204,0.0,0.0,0.0,1.7771032e-05,0.0,0
0.0025712252,0.0,0.5,1.4274294e-05,1.2194904e-05,0.10000001,0.0025283694,0.014175594,5.996134e-05,0.033357263,0.0,8.686073e-05,0.03336672,0.033236444,0.0,2.8547774e-05,1.2981172e-06,2.4720797e-05,6.0174993e-06,0.0,0.0,0.00022068547,1.672485e-05,0.0008380705,3.103935e-05,0.00061741355,0.0004950415,3.497512e-06,1.2039999e-05,0.030303001,0.7373737,4.0116665e-06,4.74663e-06,6.219838e-05,0.0010259629,0
0.00016862154,0.0,0.5,1.4274294e-05,4.259864e-06,0.10000001,0.00012642145,0.025704473,0.00010048458,0.055900544,0.0,0.00014556292,0.0559164,0.055698037,0.0,2.8547774e-05,1.4835623e-06,7.840443e-06,3.590793e-06,0.0,0.0,0.5296779,1.3884564e-06,0.5234039,4.4342596e-06,0.8757992,0.00027411385,6.30187e-06,7.18159e-06,0.0,0.19191927,2.3938635e-06,1.5557849e-06,8.885749e-06,0.000211976,0
0.0025712252,0.0,0.5,1.4274294e-05,5.8886353e-06,0.10000001,0.0025283694,0.01402688,6.0716644e-05,0.033777356,0.0,8.7955035e-05,0.033786964,0.033654988,0.0,2.8547774e-05,8.477509e-07,1.1965451e-05,5.9426543e-06,0.0,0.0,0.0021036016,1.9193394e-06,0.008695536,4.4342596e-06,0.34572542,0.00052368036,5.495508e-06,1.18852995e-05,0.0,0.28282833,3.9617667e-06,1.612905e-07,8.885749e-06,0.00046634674,0
0.57802224,0.0,0.5,7.1371476e-05,4.176337e-06,0.3,0.5778096,0.81754017,0.0039907466,0.46851382,0.6843301,0.0036599764,0.0,0.8084966,0.00014274295,0.0,8.424517e-06,0.0,4.52067e-07,4.52067e-07,0.0,0.0001611684,0.00016116831,0.0026250675,0.0026250442,0.0025922619,0.002422021,1.9752939e-07,5.3615196e-07,1.0,1.0,1.80827e-07,2.68076e-07,0.005260212,0.005019587,1
0.0016860366,0.0,0.5,1.4274294e-05,1.5591659e-06,0.3,0.0016434193,0.081731886,0.00090240827,0.0,0.0,0.0,0.0,0.0,2.8548588e-05,0.0,3.4439854e-06,0.0,3.99838e-07,3.9983803e-07,0.0,9.015814e-06,1.3775541e-05,0.000101987505,0.00015519676,0.54159886,0.00037639518,8.7658657e-07,7.9977895e-07,0.17171717,0.13131315,2.6655903e-07,8.8902993e-07,0.00031099236,9.326963e-05,0
0.572121,0.5,0.0,0.00011419436,1.0607896e-05,0.0,0.57191014,0.3094302,0.01795116,0.030025601,0.0074668825,0.00023455685,0.024773961,0.033048987,0.00014274295,8.5643325e-05,1.5895313e-05,5.265969e-06,1.608e-07,1.0050003e-07,6.834e-07,0.000119079494,0.00011907943,0.0012726256,0.0012726143,0.0027455206,0.0025652149,6.6661265e-08,1.80938e-07,0.31313133,0.31313133,6.0299996e-08,5.820651e-08,0.0025501365,0.002433482,1
0.000590086,0.0,0.0,0.23158616,0.20993528,0.10000001,0.0010535121,7.6293945e-06,0.533882,0.99264467,0.010571688,0.7625186,0.98172694,0.9995369,0.46317235,0.0,0.3995117,0.0,1.0964783e-05,1.09647835e-05,0.0,0.14629412,0.18014355,0.1541296,0.37573162,1.0,0.14178643,3.986421e-06,8.4138e-06,0.060606062,0.060606122,3.6494002e-06,5.4741e-06,0.47677776,0.2946633,0
0.576842,0.125,0.0,4.2822885e-05,7.740145e-06,0.20000002,0.5766297,0.75750446,0.0043647178,0.7984177,0.016035944,0.0041580973,0.79060715,0.80353004,8.564577e-05,0.0,1.5206517e-05,0.0,2.48e-07,2.4800002e-07,0.0,0.00031789017,0.00031788996,0.0023989214,0.0023989002,0.002368942,0.0022133673,1.6508812e-07,4.4809696e-07,1.0,1.0,1.1022233e-07,2.2404849e-07,0.0010218318,0.0009750889,1
0.5732591,0.0,0.5,0.00014274295,8.352674e-06,0.3,0.57309,0.55792093,0.009101836,0.913495,0.043681353,0.009514825,0.8943461,0.9456045,0.0002854859,0.0,1.6372172e-05,0.0,3.9642302e-07,3.9642305e-07,0.0,0.00029919608,0.0002991959,0.004873225,0.0048731817,0.004812324,0.0044962857,1.6065418e-07,4.3606198e-07,1.0,1.0,1.45355e-07,2.18031e-07,0.009765157,0.009318456,1
0.0014752746,0.0,0.5,1.4274294e-05,1.5591659e-06,0.3,0.0014327765,0.04044071,0.00090245064,0.0,0.0,0.0,0.0,0.0,2.8548588e-05,0.0,3.4439854e-06,0.0,3.99819e-07,3.9981904e-07,0.0,0.00014276925,6.751652e-06,0.00037690997,7.538125e-05,0.5458769,0.00040503382,1.0436764e-06,7.997549e-07,0.0808081,0.090909064,2.6654635e-07,4.1539295e-08,0.00015105354,2.5437213e-05,0
0.00046366453,0.0,0.5,1.4274294e-05,1.5591659e-06,0.3,0.00042140484,0.055760443,0.00090247346,0.0,0.0,0.0,0.0,0.0,2.8548588e-05,0.0,3.4439854e-06,0.0,3.9981e-07,3.9981003e-07,0.0,7.904149e-06,5.9712183e-06,9.755301e-05,6.651296e-05,0.8757992,0.00027411385,1.2346766e-06,7.9977895e-07,0.07070708,0.111111164,2.665397e-07,1.5557849e-06,0.0001332825,6.7832414e-05,0
0.5720789,0.125,0.0,4.2822885e-05,7.740145e-06,0.20000002,0.57191014,0.74442345,0.008358065,0.0,0.0,0.0,0.0,0.0,8.564577e-05,0.0,1.5206517e-05,0.0,1.2951001e-07,1.2951003e-07,0.0,0.00027923152,0.00027923135,0.00176926,0.0017692443,0.0017471494,0.0016324094,6.361885e-08,1.7268e-07,1.0,1.0,5.756e-08,8.634e-08,0.0035453117,0.003383134,1
0.5733013,0.0,0.5,8.564577e-05,5.011604e-06,0.3,0.57309,0.010842413,0.011329785,0.33585796,0.8213595,0.0043728077,0.0,0.8613234,0.00017129154,0.0,1.0014048e-05,0.0,1.91081e-07,1.9108103e-07,0.0,0.00014456152,0.00014456146,0.002354579,0.0023545583,0.004111713,0.0038416856,8.2130505e-08,2.22926e-07,0.75757575,0.75757575,7.430933e-08,1.463075e-07,0.0047181966,0.0045023663,1
0.0020654202,0.0,0.25,0.00012846866,7.5174066e-06,0.10000001,0.0024440885,0.016341805,0.4655411,1.579523e-05,1.04010105e-05,2.0582229e-07,1.0440779e-05,2.4616718e-05,0.000114194365,0.00014273888,6.8349846e-06,8.776615e-06,6.975e-09,3.1000411e-09,5.2700003e-08,8.339746e-06,1.7954488e-05,0.00010642153,0.00024388079,0.0002320772,0.00021683634,2.8554297e-09,8.413934e-09,0.090909064,0.0808081,3.0290153e-09,4.543523e-09,0.0004353891,7.6311175e-05,0
0.0018967986,0.0,0.0,0.29804727,0.25222453,0.10000001,0.0024440885,7.6293945e-06,0.6299178,0.9936451,0.0095207095,0.90042,0.98403066,0.99978065,0.5960946,0.0,0.47998902,0.0,1.196008e-05,1.196008e-05,0.0,0.082262464,0.4205386,0.09283516,0.5403556,0.6161702,0.08542943,4.3116256e-06,1.94508e-05,0.060606062,0.02020204,3.9868996e-06,5.9803497e-06,0.91265565,0.17750853,0
0.572121,0.125,0.0,2.8548591e-05,5.596292e-06,0.20000002,0.57191014,0.27217394,0.013276488,0.0,0.0,0.0,0.0,0.0,5.7097182e-05,0.0,1.112672e-05,0.0,5.4354018e-08,5.4354018e-08,0.0,0.00021806739,0.00021806726,0.001467732,0.001467719,0.0014493896,0.0013542044,3.3225596e-08,9.01839e-08,1.0,1.0,2.7177158e-08,4.5091937e-08,0.0020969764,0.0020010516,1
0.0014752746,0.0,0.5,1.4274294e-05,1.5591659e-06,0.3,0.0014327765,0.036459178,0.000902405,0.0,0.0,0.0,0.0,0.0,2.8548588e-05,0.0,3.4439854e-06,0.0,3.9984002e-07,3.9984002e-07,0.0,0.00013156641,6.751652e-06,0.00040351553,7.538125e-05,0.5458769,0.00040503382,8.350288e-07,7.997549e-07,0.0808081,0.13131315,2.6656e-07,4.1539295e-08,0.00015105354,5.9353188e-05,0
0.0025290847,0.0,0.25,1.4274294e-05,8.352672e-07,0.10000001,0.002486229,0.0071430802,5.5879354e-08,3.0875206e-05,0.0,8.009374e-08,3.0920768e-05,3.08156e-05,0.0,2.8547774e-05,4.768599e-07,1.755323e-06,0.006493507,0.0,0.0,1.3662109e-05,1.7954488e-05,0.00016850093,0.00024388079,0.0002320772,0.00021683634,2.867381e-09,8.413934e-09,0.090909064,0.19191927,3.0290153e-09,4.543523e-09,0.0004353891,7.6311175e-05,0
0.57802224,0.0,0.5,0.00012846866,7.5174066e-06,0.3,0.5778096,0.7749523,0.0044843666,0.6477064,0.5134384,0.0050598076,0.28394863,0.83260006,0.00025693732,0.0,1.4782641e-05,0.0,7.2415105e-07,7.2415105e-07,0.0,0.00022841265,0.00025454792,0.0037203238,0.0041459734,0.0040941974,0.0038253204,2.9643556e-07,7.53519e-07,1.0,0.83838385,2.68204e-07,3.767595e-07,0.008307936,0.007113908,1
8.428097e-05,0.0,0.5,0.0,0.0,0.3,4.220009e-05,0.015559971,0.0,0.0,0.0,0.0,0.0,0.0,0.0,0.0,4.768599e-07,0.0,0.0,0.0,0.0,7.2099356e-06,3.5847188e-07,8.868473e-05,4.4342596e-06,0.8757992,0.0,1.5214442e-06,0.0,0.01010102,0.13131315,0.0,0.0,8.885749e-06,0.000118706375,0
0.5733013,0.0,0.5,9.9920064e-05,5.8468718e-06,0.3,0.57309,0.03181407,0.011447123,0.40330577,0.6579026,0.0052509634,0.0,0.6999386,0.00019984014,0.0,1.1603579e-05,0.0,2.2064201e-07,2.2064202e-07,0.0,0.0002175229,0.00021752277,0.0035429543,0.003542923,0.0034986776,0.00326891,9.288286e-08,2.5211096e-07,1.0,1.0,8.405433e-08,1.260555e-07,0.007099509,0.006774747,1
0.0016860366,0.0,0.5,1.4274294e-05,1.5591659e-06,0.10000001,0.0016434193,0.12103614,2.529472e-06,0.0014072657,0.0,3.6647543e-06,0.0014076981,0.0014021993,0.0,2.8547774e-05,1.1656566e-06,2.515963e-06,0.000142633,0.0,0.0,8.575691e-06,1.5772006e-05,9.755301e-05,0.00017293356,0.54159886,0.00037639518,6.761069e-07,0.00012764698,0.18181819,0.13131315,9.508867e-05,8.8902993e-07,0.00034653395,5.9353188e-05,0
0.57448155,0.0,0.0,9.9920064e-05,2.8218117e-05,0.0,0.5742699,0.0025056005,0.008134747,0.39936346,0.7968165,0.002079855,2.4094104e-05,0.7958092,0.000114194365,8.5643325e-05,1.8941915e-05,3.8909657e-05,3.10486e-07,1.7742003e-07,1.8312741e-06,0.0008129204,0.00081291987,0.0031483073,0.0031482794,0.0038402257,0.0035880278,1.4000089e-07,3.8000297e-07,0.82828283,0.82828283,1.1828033e-07,1.99665e-07,0.0063087,0.006020113,1
0.57802224,0.0,0.5,0.00014274295,8.352674e-06,0.3,0.5778096,0.18907675,0.004984313,0.7409655,0.26035953,0.0057883374,0.55662704,0.8333422,0.0002854859,0.0,1.6372172e-05,0.0,7.2390606e-07,7.2390606e-07,0.0,8.9568246e-05,0.00024202472,0.0014588635,0.0039420007,0.0038927714,0.003637123,2.9337178e-07,6.2996895e-07,1.0,0.2929293,2.65432e-07,3.149845e-07,0.007899203,0.0027896017,1
0.0025712252,0.0,0.5,1.4274294e-05,1.1053372e-05,0.10000001,0.0025283694,0.014511198,0.000101020094,0.056198597,0.0,0.00014633918,0.05621456,0.055994987,0.0,2.8547774e-05,1.5365467e-06,2.2058559e-05,3.571748e-06,0.0,0.0,0.00022068547,7.4776326e-06,0.0008380705,1.3302546e-05,0.00061741355,0.0004950415,3.497512e-06,7.0417095e-06,0.01010102,0.7373737,2.3811667e-06,4.74663e-06,2.6656315e-05,0.0010259629,0
0.57802224,0.0,0.5,0.00014274295,8.352674e-06,0.3,0.5778096,0.7144095,0.00497211,0.7385375,0.25766483,0.00576937,0.55624473,0.83359665,0.0002854859,0.0,1.6372172e-05,0.0,7.25683e-07,7.25683e-07,0.0,0.00029919608,0.0002991959,0.004873225,0.0048731817,0.004812324,0.0044962857,2.9409205e-07,7.9825094e-07,1.0,1.0,2.6608367e-07,3.991255e-07,0.009765157,0.009318456,1
0.0016860366,0.0,0.5,1.4274294e-05,1.5591659e-06,0.3,0.0016434193,0.08562571,0.0009020162,0.0,0.0,0.0,0.0,0.0,2.8548588e-05,0.0,3.4439854e-06,0.0,4.00012e-07,4.0001203e-07,0.0,5.1018505e-05,1.3775541e-05,0.0002704882,0.00015519676,0.54159886,0.00037639518,8.6827134e-07,7.9977895e-07,0.17171717,0.17171717,2.6667465e-07,8.8902993e-07,0.00031099236,0.000110227615,0
0.5732591,0.0,0.5,0.00012846866,7.5174066e-06,0.3,0.57309,0.6591372,0.00904731,0.6091645,0.3324897,0.007931204,0.5144915,0.93834925,0.00025693732,0.0,1.4782641e-05,0.0,3.58931e-07,3.5893103e-07,0.0,0.00010590289,0.00010590283,0.0017249177,0.0017249024,0.0033060096,0.003088895,1.4693052e-07,3.9881198e-07,0.38383836,0.38383842,1.3293733e-07,1.5545251e-07,0.0034564568,0.0032983436,1
0.5733013,0.0,0.5,0.00024266302,1.4199546e-05,0.3,0.57309,0.014023066,0.011398539,0.7001715,0.76870495,0.010939317,0.0,0.96560323,0.00048532605,0.0,2.7498892e-05,0.0,5.3813e-07,5.3813005e-07,0.0,0.0004897668,0.00048976653,0.00797719,0.007977119,0.007877499,0.007360162,2.0993299e-07,5.6981895e-07,1.0,1.0,1.8992833e-07,2.849095e-07,0.015985,0.015253779,1
0.0024869442,0.0,0.5,1.4274294e-05,1.658006e-05,0.10000001,0.0024440885,0.102463275,5.6352932e-05,0.03134954,0.0,8.163322e-05,0.031358477,0.031235993,0.0,2.8547774e-05,7.4178206e-07,3.4550605e-05,6.402869e-06,0.0,0.0,0.0021036016,1.0889766e-05,0.008695536,1.3302546e-05,0.34572542,0.00052368036,5.495508e-06,1.2555599e-05,0.01010102,0.28282833,4.268567e-06,1.612905e-07,2.6656315e-05,0.00046634674,0
0.0025712252,0.0,0.5,1.4274294e-05,1.1220425e-05,0.10000001,0.0025283694,0.013954401,6.1004423e-05,0.033937335,0.0,8.83718e-05,0.033946987,0.03381443,0.0,2.8547774e-05,1.4835623e-06,2.2468133e-05,5.91464e-06,0.0,0.0,0.0021036016,3.6571582e-06,0.008695536,4.4342596e-06,0.34572542,0.00052368036,5.495508e-06,1.18293e-05,0.0,0.28282833,3.9430997e-06,1.612905e-07,8.885749e-06,0.00046634674,0
0.5732591,0.0,0.5,0.00011419436,6.6821394e-06,0.3,0.57309,0.16852838,0.009595754,0.26654902,0.5321246,0.004164499,0.0,0.5475131,0.00022838873,0.0,1.319311e-05,0.0,3.00814e-07,3.0081404e-07,0.0,0.00020064377,0.00020064366,0.0032680319,0.0032680028,0.004173016,0.0038989629,1.2468786e-07,3.3843898e-07,0.8181818,0.8181818,1.1280534e-07,1.768335e-07,0.006548608,0.006249047,1
0.0014752746,0.0,0.5,1.4274294e-05,1.5591659e-06,0.10000001,0.0014327765,0.04046741,2.605375e-06,0.0014494061,0.0,3.7746504e-06,0.0014498627,0.0014442205,0.0,2.8547774e-05,1.1656566e-06,2.515963e-06,0.00013848499,0.0,0.0,0.00013156641,2.2106207e-05,0.00040351553,0.00018180208,0.5458769,0.00040503382,8.350288e-07,2.1607699e-05,0.13131315,0.13131315,9.232334e-05,4.1539295e-08,0.00036430545,0.0001271856,0
0.0025712252,0.0,0.5,1.4274294e-05,1.2194904e-05,0.10000001,0.0025283694,0.0145531595,0.00010121381,0.0563066,0.0,0.00014661998,0.05632258,0.056102633,0.0,2.8547774e-05,1.2981172e-06,2.4720797e-05,3.5648973e-06,0.0,0.0,0.00022068547,8.221774e-06,0.0008380705,1.3302546e-05,0.00061741355,0.0004950415,3.497512e-06,7.1268896e-06,0.01010102,0.7373737,2.3765967e-06,4.74663e-06,2.6656315e-05,0.0010259629,0
0.0020654202,0.0,0.0,1.4274294e-05,8.352672e-07,0.0,0.0020226836,0.028698266,2.789311e-07,0.00015509129,0.0,4.0465966e-07,0.00015520619,0.00015455484,0.0,2.8547774e-05,4.768599e-07,1.755323e-06,0.0012936611,0.0,0.0,5.3904296e-05,5.3904267e-05,0.00087797863,0.00087797095,0.00086700637,4.0913e-06,0.0011747052,0.0031884895,1.0,1.0,0.00106283,0.0012936601,0.0017504422,0.0016703694,1
0.00067442656,0.0,0.5,1.4274294e-05,1.8097462e-06,0.10000001,0.00063210726,0.0022119582,5.1975716e-05,0.028914511,0.0,7.529231e-05,0.028922765,0.028809786,0.0,2.8547774e-05,1.1921484e-06,3.0133044e-06,6.9420826e-06,0.0,0.0,1.4201942e-06,6.9785165e-06,8.868286e-06,9.3118055e-05,0.8757992,0.00027411385,7.672799e-06,3.0424397e-05,0.060606062,0.01010102,4.628067e-06,1.5557849e-06,4.4427346e-05,8.478761e-06,0
0.0024869442,0.0,0.5,1.4274294e-05,1.5591659e-06,0.10000001,0.0024440885,0.10281795,2.6552007e-06,0.0014771223,0.0,3.8463622e-06,0.001477571,0.0014717579,0.0,2.8547774e-05,1.1656566e-06,2.515963e-06,0.00013588803,0.0,0.0,1.0290823e-05,1.1434255e-05,0.00012859283,0.00012859167,0.34572542,0.00052368036,5.856818e-07,0.000269721,0.14141417,0.101010144,9.0592e-05,1.612905e-07,0.00025767926,7.6311175e-05,0
0.576842,0.125,0.0,8.564577e-05,1.1554533e-05,0.0,0.5766297,0.347945,0.0047123637,0.65375787,0.062172115,0.005107081,0.6245006,0.6943494,0.00014274295,2.8547774e-05,2.0875845e-05,1.755323e-06,4.5940902e-07,3.8284102e-07,0.0,0.0003834556,0.0004079119,0.0030152802,0.0031704505,0.0031308567,0.002925245,2.043588e-07,5.4535195e-07,1.0,0.9292929,1.7865935e-07,2.72676e-07,0.006042135,0.0057657417,1
0.0020654202,0.0,0.5,1.4274294e-05,1.5591659e-06,0.10000001,0.0020226836,0.016364694,2.702698e-06,0.0015036464,0.0,3.9157458e-06,0.0015040745,0.0014982224,0.0,2.8547774e-05,1.1656566e-06,2.515963e-06,0.00013349352,0.0,0.0,8.339746e-06,1.1434255e-05,0.00010642153,0.00012859167,0.34572542,0.00052368036,7.297526e-07,0.000269721,0.14141417,0.0808081,8.899567e-05,1.612905e-07,0.00025767926,5.9353188e-05,0
0.572121,0.125,0.0,2.8548591e-05,5.596292e-06,0.20000002,0.57191014,0.29931623,0.013244228,0.0,0.0,0.0,0.0,0.0,5.7097182e-05,0.0,1.112672e-05,0.0,5.4486975e-08,5.4487018e-08,0.0,0.00011921562,0.00011921555,0.00075382006,0.0007538132,0.0016858459,0.0015751319,3.0111032e-08,8.173009e-08,0.56565654,0.56565654,2.724336e-08,4.2859597e-08,0.001510534,0.0014414354,1
0.00071656704,0.0,0.5,1.4274294e-05,8.686781e-06,0.10000001,0.00067424774,0.0034399629,1.2828968e-06,0.0007133484,0.0,1.8579885e-06,0.0007135871,0.0007107854,0.0,2.8547774e-05,7.947657e-06,1.000534e-05,0.00028137313,0.0,0.0,8.412331e-06,1.8675928e-05,6.651343e-05,0.0002350125,0.5458769,4.0913e-06,1.8788882e-09,5.0999063e-09,0.111111104,0.03030312,0.000187582,0.00028137298,4.4427346e-05,4.23952e-05,0
0.0024869442,0.0,0.5,0.17711546,0.010363999,0.3,0.0028232932,3.0517578e-05,0.39637482,0.9849645,0.120861694,0.5565636,0.09982669,1.0000001,0.35423094,0.0,0.019723382,0.0,1.1294922e-05,1.1294921e-05,0.0,0.003378003,0.26786783,0.055019997,0.3447233,0.34572542,0.05076425,4.161605e-06,1.12958e-05,0.030303001,0.0,3.765267e-06,5.6479e-06,0.110251196,0.10520783,0
0.0016860366,0.0,0.5,1.4274294e-05,1.5591659e-06,0.3,0.0016434193,0.089588165,0.0009024525,0.0,0.0,0.0,0.0,0.0,2.8548588e-05,0.0,3.4439854e-06,0.0,3.99819e-07,3.9981904e-07,0.0,8.575691e-06,1.3775541e-05,9.755301e-05,0.00015519676,0.54159886,0.00037639518,6.761069e-07,7.9977895e-07,0.17171717,0.13131315,2.6654567e-07,8.8902993e-07,0.00031099236,0.000118706375,0
0.0024869442,0.0,0.5,1.4274294e-05,1.5591659e-06,0.3,0.0024440885,0.10287514,0.00090203434,0.0,0.0,0.0,0.0,0.0,2.8548588e-05,0.0,3.4439854e-06,0.0,4.00004e-07,4.0000404e-07,0.0,1.3662109e-05,1.4165751e-05,0.00016850093,0.00015963102,0.34572542,0.00052368036,8.488629e-07,8.7039496e-07,0.19191921,0.19191927,2.6666936e-07,1.612905e-07,0.00031987764,0.00013566483,0
0.0025712252,0.0,0.5,1.4274294e-05,1.2208825e-05,0.10000001,0.0025283694,0.014366299,6.1016995e-05,0.03394419,0.0,8.83895e-05,0.033953816,0.033821166,0.0,2.8547774e-05,1.2981172e-06,2.4750054e-05,5.913452e-06,0.0,0.0,0.00022068547,1.672485e-05,0.0008380705,3.103935e-05,0.00061741355,0.0004950415,3.497512e-06,1.18287e-05,0.030303001,0.7373737,3.9423e-06,4.74663e-06,6.219838e-05,0.0010259629,0
0.0,0.0,0.5,0.23302786,0.013635741,0.3,0.0005056858,1.9073486e-05,0.6083284,0.9823365,0.0928991,0.8594767,0.13171004,0.99995124,0.46605575,0.0,0.025949575,0.0,9.682835e-06,9.682835e-06,0.0,0.008460253,0.18014355,0.13779832,0.37573162,0.8757992,0.12713975,3.6167362e-06,9.816869e-06,0.060606062,0.01010102,3.27229e-06,4.9084347e-06,0.27612555,0.2634944,0
0.57802224,0.0,0.5,0.00014274295,8.352674e-06,0.3,0.5778096,0.64854264,0.0049746586,0.73910034,0.2591067,0.005773767,0.55579317,0.8348337,0.0002854859,0.0,1.6372172e-05,0.0,7.25311e-07,7.25311e-07,0.0,0.00028422265,0.000293751,0.004629342,0.004784498,0.0047247475,0.0044144606,2.9394135e-07,7.8733694e-07,1.0,0.94949496,2.6594734e-07,3.9366853e-07,0.009587446,0.008852109,1
0.00046366453,0.0,0.5,0.0,3.897917e-07,0.3,0.00042140484,0.055543065,0.0,0.0,0.0,0.0,0.0,0.0,0.0,0.0,1.218641e-06,0.0,0.0,0.0,0.0,4.673522e-06,9.038515e-06,5.3210882e-05,0.000101986574,0.8757992,0.000110463705,9.550934e-07,0.0,0.23232323,0.0808081,0.0,0.0,0.00020436617,6.7832414e-05,0
0.576842,0.125,0.0,5.7097182e-05,9.883997e-06,0.20000002,0.5766297,0.43902814,0.005326718,0.53240293,0.7668301,0.004159071,0.0,0.889988,0.000114194365,0.0,1.9286314e-05,0.0,2.7094902e-07,2.7094904e-07,0.0,0.00034965196,0.00034965173,0.0022215522,0.0022215324,0.002193789,0.0020497171,1.2527917e-07,3.4004398e-07,1.0,1.0,1.1289533e-07,1.7002199e-07,0.0043894337,0.004188642,1
0.00046366453,0.0,0.5,0.0,3.201858e-07,0.3,0.00042140484,0.055565953,0.0,0.0,0.0,0.0,0.0,0.0,0.0,0.0,1.0861804e-06,0.0,0.0,0.0,0.0,7.2099356e-06,9.038515e-06,8.868473e-05,0.000101986574,0.8757992,0.000110463705,1.5214442e-06,0.0,0.23232323,0.13131315,0.0,0.0,0.00020436617,0.000118706375,0
0.5733013,0.0,0.5,8.564577e-05,5.011604e-06,0.3,0.57309,0.57819474,0.0087765455,0.54579866,0.6287689,0.0056849564,0.0,0.7261898,0.00017129154,0.0,1.0014048e-05,0.0,2.46669e-07,2.4666903e-07,0.0,0.00019029851,0.0001902984,0.0030995307,0.0030995032,0.0030607956,0.002859785,1.0602736e-07,2.8778896e-07,1.0,1.0,9.5927e-08,1.438945e-07,0.0062109595,0.0059268437,1
0.576842,0.125,0.0,8.564577e-05,1.1554533e-05,0.20000002,0.57667184,0.02052927,0.016403018,0.009585857,0.038253933,0.00012480607,0.0,0.04775566,0.00014274295,2.8547774e-05,2.0875845e-05,1.755323e-06,1.31982e-07,1.09985024e-07,0.0,0.00038944493,0.00041282136,0.0031128335,0.0032990421,0.0032578425,0.0030438914,6.127717e-08,1.6493398e-07,1.0,0.9292929,5.132633e-08,8.2467004e-08,0.0044072047,0.0038494808,1
0.576842,0.125,0.0,4.2822885e-05,7.740145e-06,0.20000002,0.5766297,0.7845972,0.0038113035,0.701712,0.048655808,0.0036544625,0.6775192,0.723466,8.564577e-05,0.0,1.5206517e-05,0.0,2.84011e-07,2.8401104e-07,0.0,0.00025966627,0.00027783384,0.0016451015,0.0017603759,0.0017383917,0.0016242269,1.3951384e-07,3.75225e-07,1.0,0.9292929,1.2622701e-07,1.876125e-07,0.0035275407,0.0031457208,1
0.5733013,0.0,0.5,0.00021411444,1.2529012e-05,0.3,0.57309,0.71151865,0.011487627,0.6144649,0.70242786,0.0096002575,0.0,0.9843829,0.00042822887,0.0,2.431983e-05,0.0,4.71138e-07,4.7113804e-07,0.0,0.00043531804,0.0004353178,0.007090343,0.00709028,0.0070017343,0.0065419115,1.8514898e-07,5.0254795e-07,1.0,1.0,1.6751599e-07,2.51274e-07,0.014207903,0.013557972,1
0.0025290847,0.0,0.5,0.0,3.201858e-07,0.3,0.002486229,0.0069333315,0.0,0.0,0.0,0.0,0.0,0.0,0.0,0.0,1.0861804e-06,0.0,0.0,0.0,0.0,1.3662109e-05,3.0309893e-06,0.00016850093,3.103935e-05,0.34572542,3.2729935e-05,8.488629e-07,0.0,0.07070708,0.19191927,0.0,0.0,6.219838e-05,0.00013566483,0
0.576842,0.0,0.0,0.0,1.3085855e-06,0.20000002,0.5766297,0.7185893,0.0,0.0,0.0,0.0,0.0,0.0,0.0,0.0,2.9671255e-06,0.0,0.0,0.0,0.0,6.471238e-05,8.211781e-05,0.00040794956,0.0005941824,0.00058676186,0.0005482277,0.0,1.5602998e-06,1.0,0.9292929,0.0,7.8015e-07,0.0008174656,0.00078007113,1
0.5733013,0.0,0.5,8.564577e-05,5.011604e-06,0.3,0.57309,0.24649617,0.011654482,0.56883556,0.6588743,0.0059249047,0.0,0.8115208,0.00017129154,0.0,1.0014048e-05,0.0,1.85757e-07,1.8575702e-07,0.0,0.00015735699,0.0001573569,0.0025629883,0.0025629655,0.0040022423,0.003739404,8.359682e-08,2.26906e-07,0.78787875,0.7878788,7.2239e-08,1.413585e-07,0.005135815,0.0049008806,1
0.0024026036,0.0,0.5,1.4274294e-05,1.6705344e-06,0.10000001,0.0023598075,0.06484854,2.51038e-06,0.0013964176,0.0,3.636349e-06,0.0013968558,0.0013914108,0.0,2.8547774e-05,1.2716255e-06,2.6329844e-06,0.00014374011,0.0,0.0,9.496769e-06,5.4450356e-07,0.00011972431,4.4342596e-06,0.34572542,3.6821235e-05,6.6100904e-07,0.00028748,0.0,0.101010144,9.5826676e-05,1.34516e-05,8.885749e-06,5.9353188e-05,0
0.57802224,0.0,0.5,8.564577e-05,5.011604e-06,0.3,0.5778096,0.9675072,0.0044677164,0.5505023,0.7768859,0.0043004616,0.0,0.83279717,0.00017129154,0.0,1.0014048e-05,0.0,4.8456604e-07,4.8456604e-07,0.0,0.00019029851,0.0001902984,0.0030995307,0.0030995032,0.0030607956,0.002859785,2.0827805e-07,5.6532696e-07,1.0,1.0,1.8844233e-07,2.826635e-07,0.0062109595,0.0059268437,1
0.57802224,0.0,0.5,0.00014274295,8.352674e-06,0.3,0.5778096,0.019789428,0.004986906,0.74079263,0.25814465,0.005786986,0.5580209,0.83221364,0.0002854859,0.0,1.6372172e-05,0.0,7.2353e-07,7.2353004e-07,0.0,0.00020336622,0.0002730605,0.003312374,0.0044474993,0.004391957,0.0041035255,2.9321924e-07,7.166219e-07,1.0,0.6767677,2.65294e-07,3.58311e-07,0.00891215,0.0063338373,1
0.576842,0.125,0.0,4.2822885e-05,5.1229736e-06,0.0,0.5766297,0.14436084,0.0035436077,0.02879268,0.05745119,0.00014995039,0.0,0.057376802,5.7097182e-05,2.8547774e-05,8.636454e-06,1.755323e-06,3.0546602e-07,2.0364403e-07,0.0,0.00018249417,0.00018249408,0.0015830221,0.0015830081,0.0015632389,0.0014605769,1.3515911e-07,3.6686097e-07,1.0,1.0,1.3576268e-07,1.834305e-07,0.0027989303,0.0026708953,1
0.5733013,0.0,0.5,7.1371476e-05,4.176337e-06,0.3,0.57309,0.8378253,0.009839668,0.4144706,0.8272494,0.004317062,0.0,0.8400468,0.00014274295,0.0,8.424517e-06,0.0,1.83348e-07,1.8334802e-07,0.0,0.00016307412,0.00016307403,0.0026561073,0.0026560836,0.0026229136,0.0024506599,8.106024e-08,2.2002098e-07,1.0,1.0,7.333933e-08,1.100105e-07,0.0053224103,0.00507894,1
0.00046366453,0.0,0.5,0.0,3.201858e-07,0.3,0.00042140484,0.055577397,0.0,0.0,0.0,0.0,0.0,0.0,0.0,0.0,1.0861804e-06,0.0,0.0,0.0,0.0,4.673522e-06,9.038515e-06,5.3210882e-05,0.000101986574,0.8757992,0.000110463705,9.550934e-07,0.0,0.23232323,0.0808081,0.0,0.0,0.00020436617,6.7832414e-05,0
0.576842,0.125,0.0,5.7097182e-05,9.883997e-06,0.20000002,0.5766297,0.61177075,0.0053133415,0.52886695,0.76126647,0.004131447,0.0,0.8826342,0.000114194365,0.0,1.9286314e-05,0.0,2.7163102e-07,2.7163102e-07,0.0,0.00038232125,0.000382321,0.0027536603,0.0027536359,0.0027192475,0.0025406673,1.5475467e-07,4.20049e-07,1.0,1.0,1.1317967e-07,2.1002451e-07,0.0017237859,0.0016449322,1
0.576842,0.125,0.0,9.9920064e-05,1.1081214e-05,0.0,0.57667184,0.6303283,0.012232831,0.027994812,0.05586791,0.0002915901,0.0,0.05648482,0.00014274295,5.709555e-05,1.838558e-05,3.510646e-06,2.0647101e-07,1.4747903e-07,7.0403803e-07,0.00030616552,0.00035579538,0.0027359235,0.0031482794,0.0031089627,0.0029047888,8.306297e-08,2.1739399e-07,1.0,0.8080808,7.865566e-08,1.08697e-07,0.005482349,0.00446845,1
0.5720789,0.125,0.0,4.2822885e-05,7.740145e-06,0.20000002,0.57191014,0.32261807,0.010297842,0.0,0.0,0.0,0.0,0.0,8.564577e-05,0.0,1.5206517e-05,0.0,1.05114e-07,1.0511401e-07,0.0,0.00022543612,0.00022543599,0.0014766004,0.0014765874,0.0019179233,0.0017919682,5.459328e-08,1.4818201e-07,0.78787875,0.7878788,4.6717666e-08,7.511301e-08,0.002958869,0.0028235177,1
0.5733013,0.0,0.5,8.564577e-05,5.011604e-06,0.3,0.57309,0.44901246,0.009385672,0.6190692,0.7132535,0.006448129,0.0,0.8293916,0.00017129154,0.0,1.0014048e-05,0.0,2.3066102e-07,2.3066103e-07,0.0,0.00019029851,0.0001902984,0.0030995307,0.0030995032,0.0030607956,0.002859785,9.914343e-08,2.69104e-07,1.0,1.0,8.970133e-08,1.3455201e-07,0.0062109595,0.0059268437,1
0.57802224,0.0,0.5,0.00019984013,1.16937435e-05,0.3,0.5778096,0.25355536,0.005036119,0.79934204,0.3290252,0.006244368,0.5976808,0.9977964,0.00039968028,0.0,2.2730299e-05,0.0,1.003043e-06,1.003043e-06,0.0,0.00011815387,0.00033077618,0.0019244583,0.0053875484,0.005320267,0.004970871,3.9593783e-07,8.778669e-07,1.0,0.28282833,3.5823e-07,4.389335e-07,0.010795874,0.0036799,1
0.0014331341,0.0,0.5,1.4274294e-05,1.599537e-05,0.10000001,0.001390636,0.020746648,5.1621813e-05,0.028717816,0.0,7.4780546e-05,0.028725995,0.028613806,0.0,2.8547774e-05,7.4178206e-07,3.332188e-05,6.989635e-06,0.0,0.0,0.003752896,1.111663e-05,0.016136184,1.3302546e-05,0.5458769,0.00040503382,4.9777664e-06,1.4214299e-05,0.01010102,0.22222227,4.6597665e-06,4.1539295e-08,2.6656315e-05,0.00029676594,0
0.576842,0.125,0.0,5.7097182e-05,9.883997e-06,0.20000002,0.5766297,0.6187575,0.004479096,0.4046793,0.5711687,0.0031613084,0.0,0.61406595,0.000114194365,0.0,1.9286314e-05,0.0,3.2222303e-07,3.2222303e-07,0.0,0.00034910746,0.00034910726,0.0022126837,0.002212664,0.0021850315,0.0020415345,1.4839793e-07,4.0279497e-07,1.0,1.0,1.3425966e-07,2.013975e-07,0.004433861,0.004231037,1
0.57802224,0.0,0.5,0.00019984013,1.16937435e-05,0.3,0.5778096,4.9591064e-05,0.005394657,0.8660319,0.37711588,0.006765342,0.59891725,0.9963244,0.00039968028,0.0,2.2730299e-05,0.0,9.36379e-07,9.3637914e-07,0.0,0.00020799437,0.00031090237,0.0033877562,0.0050638523,0.0049830982,0.0046558445,3.8470836e-07,8.845269e-07,1.0,0.4848485,3.3442e-07,4.422635e-07,0.010111691,0.006477981,1
0.57802224,0.0,0.5,8.564577e-05,5.011604e-06,0.3,0.5778096,0.6753226,0.004469354,0.55401903,0.78168404,0.0043279333,0.0,0.8303906,0.00017129154,0.0,1.0014048e-05,0.0,4.8438903e-07,4.8438903e-07,0.0,0.00019029851,0.0001902984,0.0030995307,0.0030995032,0.0030607956,0.002859785,2.0820178e-07,5.6511993e-07,1.0,1.0,1.8837333e-07,2.8256e-07,0.0062109595,0.0059268437,1
0.5732591,0.0,0.5,7.1371476e-05,4.176337e-06,0.3,0.57309,0.79277766,0.008346118,0.42361677,0.8456998,0.0044123284,0.0,0.8634631,0.00014274295,0.0,8.424517e-06,0.0,2.1615901e-07,2.1615904e-07,0.0,0.00012060406,0.000120604,0.0019643665,0.001964349,0.0031921603,0.0029825226,9.556496e-08,2.5939102e-07,0.7373737,0.7373737,8.646367e-08,1.561855e-07,0.0039362735,0.0037562114,1
0.0013488531,0.0,0.5,1.4274294e-05,3.8004666e-06,0.10000001,0.001306355,0.015327334,0.00011096988,0.061733633,0.0,0.00016075233,0.061751187,0.061510026,0.0,2.8547774e-05,1.4835623e-06,6.8750146e-06,3.251504e-06,0.0,0.0,0.003752896,1.2387172e-06,0.016136184,4.4342596e-06,0.5458769,0.00040503382,4.9777664e-06,6.5030094e-06,0.0,0.22222227,2.1676701e-06,4.1539295e-08,8.885749e-06,0.00029676594,0
0.0016860366,0.0,0.5,1.4274294e-05,1.5591659e-06,0.10000001,0.0016434193,0.113012016,2.8614886e-06,0.0015919209,0.0,4.145317e-06,0.0015924196,0.0015862584,0.0,2.8547774e-05,1.1656566e-06,2.515963e-06,0.00012608751,0.0,0.0,9.015814e-06,1.5772006e-05,0.000101987505,0.00017293356,0.54159886,0.00037639518,8.7658657e-07,0.00012764698,0.18181819,0.13131315,8.4058345e-05,8.8902993e-07,0.00034653395,9.326963e-05,0
0.0014752746,0.0,0.25,0.00012846866,7.5174066e-06,0.10000001,0.0016856194,0.044345975,0.28449714,2.5212765e-05,1.3202429e-05,3.2875687e-07,1.4657247e-05,3.296137e-05,0.000114194365,0.00014273888,6.8349846e-06,8.776615e-06,1.1413988e-08,5.0730193e-09,8.6241e-08,0.00014276925,1.8675928e-05,0.00037690997,0.0002350125,0.00033716904,0.00031502638,5.6070633e-09,1.231362e-08,0.111111104,0.090909064,4.035698e-09,6.053554e-09,0.00041761808,9.326963e-05,0
0.57802224,0.0,0.5,0.00011419436,6.6821394e-06,0.3,0.5778096,0.6395003,0.0045526163,0.6592988,0.5414507,0.005150366,0.2762855,0.8672753,0.00022838873,0.0,1.319311e-05,0.0,6.3404e-07,6.3404e-07,0.0,0.0002447473,0.00024474715,0.003986378,0.003986343,0.00393656,0.0036780355,2.628161e-07,7.13359e-07,1.0,1.0,2.37765e-07,3.566795e-07,0.007988058,0.00762265,1
0.0016438961,0.0,0.5,1.4274294e-05,1.5591659e-06,0.3,0.0016012788,0.07406631,0.0009021112,0.0,0.0,0.0,0.0,0.0,2.8548588e-05,0.0,3.4439854e-06,0.0,3.9997002e-07,3.9997002e-07,0.0,1.0331656e-05,1.3775541e-05,0.00012415834,0.00015519676,0.54159886,0.00037639518,1.0577353e-06,7.9977895e-07,0.17171717,0.17171717,2.6664668e-07,8.8902993e-07,0.00031099236,0.00015262282,0
0.0018967986,0.0,0.5,0.2732243,0.015987854,0.3,0.0024440885,1.9073486e-05,0.6299536,0.9871259,0.004448563,0.8945123,0.98383003,0.9998067,0.5464485,0.0,0.030425694,0.0,1.0963355e-05,1.0963355e-05,0.0,0.0052214977,0.4205386,0.084946655,0.5403556,0.54159886,0.07831065,2.2036743e-06,1.09638995e-05,0.060606062,0.02020204,3.6546335e-06,5.4819498e-06,0.17007722,0.16234803,0
0.0002529025,0.0,0.0,0.0005566975,0.0001026126,0.5,0.0002528429,0.033309042,0.06173506,0.020785093,0.054662794,0.00021649431,0.0012099256,0.067748785,0.0005709718,0.00054240774,7.825792e-05,0.00012974763,2.2794e-07,1.1689204e-07,1.7884511e-06,0.5296779,3.344516e-05,0.5234039,0.00017293356,1.0,0.0002904788,6.631459e-06,2.33784e-07,0.0,0.19191927,7.7928e-08,1.546135e-07,0.00034653395,0.00060201134,0
0.57802224,0.0,0.5,7.1371476e-05,4.176337e-06,0.3,0.5778096,0.42769757,0.0046169832,0.58606905,0.83359253,0.004578303,0.0,0.9404169,0.00014274295,0.0,8.424517e-06,0.0,3.9075002e-07,3.9075002e-07,0.0,0.00010590289,0.00022977374,0.0017249177,0.0037424616,0.0036957245,0.0034530165,1.7275237e-07,6.37888e-07,1.0,0.64646465,1.563e-07,3.18944e-07,0.007499356,0.0032983436,1
0.576842,0.125,0.0,5.7097182e-05,9.883997e-06,0.20000002,0.5766297,0.23262183,0.0051385085,0.4780193,0.67602694,0.003734232,0.0,0.7426996,0.000114194365,0.0,1.9286314e-05,0.0,2.80873e-07,2.8087302e-07,0.0,0.00017441761,0.00034910726,0.0011041247,0.002212664,0.0021850315,0.0020415345,1.2932811e-07,3.79911e-07,1.0,0.49494952,1.1703067e-07,1.899555e-07,0.004433861,0.002111279,1
0.576842,0.125,0.0,7.1371476e-05,9.41068e-06,0.0,0.5766297,0.3590887,0.0034562503,0.434176,0.6137523,0.0033917332,0.0,0.6720358,0.000114194365,2.8547774e-05,1.6796048e-05,1.755323e-06,5.2197805e-07,4.1758204e-07,0.0,0.00035110392,0.00035110372,0.0029398983,0.0029398722,0.002903158,0.0027124998,2.5536772e-07,6.9314194e-07,1.0,1.0,2.0879133e-07,3.46571e-07,0.005891082,0.0056215986,1
0.572121,0.5,0.0,7.1371476e-05,6.793508e-06,0.0,0.57191014,0.8348087,0.009943048,0.030911982,0.0144943595,0.00016098702,0.02365439,0.038037777,8.564577e-05,5.709555e-05,1.02259855e-05,3.510646e-06,1.8144202e-07,1.08865024e-07,6.19548e-07,0.0002483772,0.00024837707,0.0026561073,0.0026560836,0.0026229136,0.0024506599,8.024935e-08,2.1781999e-07,1.0,1.0,7.257667e-08,1.0891001e-07,0.0053224103,0.00507894,1
0.5720789,0.0,0.0,2.8548591e-05,2.9791204e-06,0.0,0.571868,0.9332104,5.19366e-05,0.028892815,0.0,7.523596e-05,0.02890108,0.028788209,2.8548588e-05,2.8547774e-05,4.5566567e-06,1.755323e-06,1.38945825e-05,6.9472912e-06,0.0,0.00012405249,0.00012405241,0.0013258364,0.0013258246,0.0013092674,0.0012232843,6.15207e-06,1.66985e-05,1.0,1.0,6.9473003e-06,8.34925e-06,0.0026567625,0.0025352307,1
0.0025712252,0.0,0.5,1.4274294e-05,1.2348037e-05,0.10000001,0.0025283694,0.014141291,7.7592675e-05,0.043165565,0.0,0.00011240179,0.043177843,0.043009162,0.0,2.8547774e-05,1.3246099e-06,2.5013353e-05,4.650168e-06,0.0,0.0,0.00022068547,1.6915423e-05,0.0008380705,3.103935e-05,0.00061741355,0.0004950415,3.497512e-06,9.29799e-06,0.030303001,0.7373737,3.1001134e-06,4.74663e-06,6.219838e-05,0.0010259629,0
0.5733013,0.0,0.5,0.00015701725,9.187941e-06,0.3,0.57309,0.04066953,0.00980515,0.47838122,0.18362775,0.007474117,0.27275512,0.52044016,0.0003140345,0.0,1.7961704e-05,0.0,4.0478602e-07,4.0478602e-07,0.0,5.853243e-05,5.8532416e-05,0.0009533606,0.0009533522,0.0056092693,0.0052408935,1.6268896e-07,4.4158497e-07,0.17171717,0.17171717,1.4719501e-07,2.38156e-07,0.001910381,0.001822992,1
0.5733013,0.0,0.5,9.9920064e-05,5.8468718e-06,0.3,0.57309,0.9151181,0.01019128,0.4183868,0.68655056,0.005447315,0.0,0.7695884,0.00019984014,0.0,1.1603579e-05,0.0,2.4783202e-07,2.4783202e-07,0.0,0.00016743001,0.00016742991,0.002727055,0.0027270308,0.004203668,0.0039276015,1.04349944e-07,2.8323598e-07,0.7676768,0.7676768,9.4412e-08,1.70998e-07,0.005464578,0.005214605,1
0.00046366453,0.0,0.5,0.0,3.897917e-07,0.3,0.00042140484,0.05559647,0.0,0.0,0.0,0.0,0.0,0.0,0.0,0.0,1.218641e-06,0.0,0.0,0.0,0.0,7.904149e-06,9.038515e-06,9.755301e-05,0.000101986574,0.8757992,0.000110463705,1.2451434e-06,0.0,0.23232323,0.111111164,0.0,0.0,0.00020436617,6.7832414e-05,0
0.5733013,0.0,0.5,0.00021411444,1.2529012e-05,0.3,0.57309,0.48660815,0.008639841,0.9646516,0.007402003,0.010047663,0.9607782,0.9668949,0.00042822887,0.0,2.431983e-05,0.0,6.2643096e-07,6.26431e-07,0.0,0.00043531804,0.0004353178,0.007090343,0.00709028,0.0070017343,0.0065419115,2.4615133e-07,6.6812595e-07,1.0,1.0,2.22731e-07,3.3406297e-07,0.014207903,0.013557972,1
0.57802224,0.0,0.5,0.00019984013,1.16937435e-05,0.3,0.5778096,0.26322696,0.005096615,0.81052715,0.5255745,0.006331744,0.4381911,0.9981841,0.00039968028,0.0,2.2730299e-05,0.0,9.911371e-07,9.911371e-07,0.0,0.00040809365,0.0004080934,0.006646919,0.0066468604,0.006563852,0.006132786,3.9109312e-07,1.0615399e-06,1.0,1.0,3.5397665e-07,5.3077e-07,0.0133193545,0.01271007,1
