L4_SRC_PORT,L4_DST_PORT,PROTOCOL,L7_PROTO,IN_BYTES,IN_PKTS,OUT_BYTES,OUT_PKTS,TCP_FLAGS,CLIENT_TCP_FLAGS,SERVER_TCP_FLAGS,FLOW_DURATION_MILLISECONDS,DURATION_IN,DURATION_OUT,MIN_TTL,MAX_TTL,LONGEST_FLOW_PKT,SHORTEST_FLOW_PKT,MIN_IP_PKT_LEN,MAX_IP_PKT_LEN,SRC_TO_DST_SECOND_BYTES,DST_TO_SRC_SECOND_BYTES,RETRANSMITTED_IN_BYTES,RETRANSMITTED_IN_PKTS,RETRANSMITTED_OUT_BYTES,RETRANSMITTED_OUT_PKTS,SRC_TO_DST_AVG_THROUGHPUT,DST_TO_SRC_AVG_THROUGHPUT,NUM_PKTS_UP_TO_128_BYTES,NUM_PKTS_128_TO_256_BYTES,NUM_PKTS_256_TO_512_BYTES,NUM_PKTS_512_TO_1024_BYTES,NUM_PKTS_1024_TO_1514_BYTES,TCP_WIN_MAX_IN,TCP_WIN_MAX_OUT,ICMP_TYPE,ICMP_IPV4_TYPE,DNS_QUERY_ID,DNS_QUERY_TYPE,DNS_TTL_ANSWER,FTP_COMMAND_RET_CODE,target
0.11667052,0.0012207218,0.3125,0.028688528,7.056669e-06,2.6375481e-05,0.0,0.0,0.009345794,0.01010101,0.0,0.9996291,0.57317513,0.0,0.5,0.5,0.015418502,0.1374233,0.0,0.015418502,2.4335156e-13,0.0,0.0,0.0,0.0,0.0,0.001079389,0.0,0.0,0.01459854,0.0,0.0,0.0,0.007812619,0.0,0.0,0.0,0.0,0.0,0.0,0.0,1
0.8894789,0.0012207218,1.0,0.7704919,7.8407425e-07,2.6375481e-05,0.0,0.0,0.0,0.0,0.0,0.9998256,0.26968718,0.0,0.5,0.5,0.0,0.0,0.0,0.0,4.910791e-15,0.0,0.0,0.0,0.0,0.0,0.00021587781,0.0,0.0014285714,0.0,0.0,0.0,0.0,0.0,0.0,0.0,0.0,0.0,0.0,0.0,0.0,1
0.72607005,0.0012207218,0.3125,0.028688528,1.0977041e-05,5.2750962e-05,0.0,0.0,0.009345794,0.01010101,0.0,0.9994654,0.82596195,0.0,0.5,0.5,0.015418502,0.1374233,0.0,0.015418502,2.4359467e-13,0.0,0.00063162076,0.0012722646,0.0,0.0,0.001079389,0.0,0.0,0.02189781,0.0,0.0,0.0,0.007812619,0.0,0.5691057,0.5691057,0.0,0.0,0.0,0.0,1
0.22343788,0.0012207218,0.3125,0.028688528,1.0977041e-05,5.2750962e-05,0.0,0.0,0.009345794,0.01010101,0.0,0.99963653,0.5616685,0.0,0.5,0.5,0.015418502,0.1374233,0.0,0.015418502,2.433518e-10,0.0,0.0,0.0,0.0,0.0,0.001079389,0.0,0.0,0.02189781,0.0,0.0,0.0,0.007812619,0.0,0.0,0.0,0.0,0.0,0.0,0.0,1
0.7004349,0.0012207218,1.0,0.7704919,3.1362974e-06,0.000105501924,0.0,0.0,0.0,0.0,0.0,0.99973106,0.41567782,0.0,0.5,0.5,0.0,0.0,0.0,0.0,4.881618e-14,0.0,0.0,0.0,0.0,0.0,0.00021587781,0.0,0.0035714284,0.0,0.0,0.0,0.0,0.0,0.0,0.0,0.0,0.0,0.0,0.0,0.0,1
0.37141985,0.0012207218,0.3125,0.028688528,7.056669e-06,2.6375481e-05,1.139755e-06,2.8165046e-05,0.10280373,0.01010101,0.24390243,0.9995162,0.7475729,0.0,0.5,0.5,0.015418502,0.014723926,0.078125,0.015418502,2.4335156e-13,1.2534626e-21,0.00063162076,0.0012722646,0.0,0.0,0.001079389,0.00042855,0.0007142857,0.01459854,0.0,0.0,0.0,0.007812619,0.0,0.5691057,0.5691057,0.0,0.0,0.0,0.0,1
0.18115515,0.0012207218,1.0,0.7704919,7.8407425e-07,2.6375481e-05,0.0,0.0,0.0,0.0,0.0,0.9997858,0.33117583,0.0,0.5,0.5,0.0,0.0,0.0,0.0,4.910791e-15,0.0,0.0,0.0,0.0,0.0,0.00021587781,0.0,0.0014285714,0.0,0.0,0.0,0.0,0.0,0.0,0.0,0.0,0.0,0.0,0.0,0.0,1
0.7874266,0.0012207218,1.0,0.7704919,7.8407425e-07,2.6375481e-05,0.0,0.0,0.0,0.0,0.0,0.9998184,0.28083423,0.0,0.5,0.5,0.0,0.0,0.0,0.0,4.910791e-15,0.0,0.0,0.0,0.0,0.0,0.00021587781,0.0,0.0014285714,0.0,0.0,0.0,0.0,0.0,0.0,0.0,0.0,0.0,0.0,0.0,0.0,1
0.9246052,0.0012207218,1.0,0.7704919,7.8407425e-07,2.6375481e-05,0.0,0.0,0.0,0.0,0.0,0.99963284,0.5674218,0.0,0.5,0.5,0.0,0.0,0.0,0.0,4.910791e-15,0.0,0.0,0.0,0.0,0.0,0.00021587781,0.0,0.0014285714,0.0,0.0,0.0,0.0,0.0,0.0,0.0,0.0,0.0,0.0,0.0,0.0,1
0.0012207031,0.64827955,0.3125,0.028688528,1.6801592e-06,2.6375481e-05,6.2686527e-06,8.449514e-05,0.10280373,0.09090909,0.07317073,0.99953085,0.7191658,0.8025682,0.5,0.5,0.015418502,0.014723926,0.078125,0.015418502,7.716957e-15,1.2578623e-16,0.0,0.0,0.0,0.0,0.00033923658,0.00042855,0.0028571428,0.00729927,0.0,0.0,0.0,0.44556344,0.012073194,0.0,0.0,0.0,0.0,0.0,0.0,0
0.13525599,0.0012207218,1.0,0.7704919,7.8407425e-07,2.6375481e-05,0.0,0.0,0.0,0.0,0.0,0.9997737,0.34987417,0.0,0.5,0.5,0.0,0.0,0.0,0.0,4.910791e-15,0.0,0.0,0.0,0.0,0.0,0.00021587781,0.0,0.0014285714,0.0,0.0,0.0,0.0,0.0,0.0,0.0,0.0,0.0,0.0,0.0,0.0,1
0.15176627,0.0012207218,0.3125,0.028688528,7.056669e-06,2.6375481e-05,0.0,0.0,0.009345794,0.01010101,0.0,0.99958557,0.64041716,0.0,0.5,0.5,0.015418502,0.1374233,0.0,0.015418502,2.4335156e-13,0.0,0.0,0.0,0.0,0.0,0.001079389,0.0,0.0,0.01459854,0.0,0.0,0.0,0.007812619,0.0,0.0,0.0,0.0,0.0,0.0,0.0,1
0.30740827,0.0012207218,0.3125,0.028688528,3.1362974e-06,0.0,1.139755e-06,2.8165046e-05,0.10280373,0.01010101,0.24390243,0.9999967,0.0,0.0,0.0,0.0,0.015418502,0.014723926,0.078125,0.015418502,2.4310862e-16,1.2534626e-21,0.0,0.0,0.0,0.0,0.001079389,0.00042855,0.0007142857,0.00729927,0.0,0.0,0.0,0.007812619,0.0,0.0,0.0,0.0,0.0,0.0,0.0,1
0.2632029,0.0012207218,1.0,0.7704919,7.8407425e-07,2.6375481e-05,0.0,0.0,0.0,0.0,0.0,0.9997846,0.33297375,0.0,0.5,0.5,0.0,0.0,0.0,0.0,4.910791e-15,0.0,0.0,0.0,0.0,0.0,0.00021587781,0.0,0.0014285714,0.0,0.0,0.0,0.0,0.0,0.0,0.0,0.0,0.0,0.0,0.0,0.0,1
0.4118868,0.0012207218,0.3125,0.028688528,7.056669e-06,2.6375481e-05,0.0,0.0,0.009345794,0.01010101,0.0,0.99959624,0.62387633,0.0,0.5,0.5,0.015418502,0.1374233,0.0,0.015418502,2.4335156e-13,0.0,0.00063162076,0.0012722646,0.0,0.0,0.001079389,0.0,0.0,0.01459854,0.0,0.0,0.0,0.007812619,0.0,0.5691057,0.5691057,0.0,0.0,0.0,0.0,1
0.82572675,0.7858854,0.3125,0.0,4.4804233e-07,0.0,1.139755e-06,2.8165046e-05,0.10280373,0.01010101,0.24390243,0.0,0.0,0.0,0.0,0.0,0.002202643,0.014723926,0.078125,0.002202643,7.6405336e-17,1.2534626e-21,0.0,0.0,0.0,0.0,0.00033923658,0.00042855,0.0014285714,0.0,0.0,0.0,0.0,0.015625238,0.0,0.0,0.0,0.0,0.0,0.0,0.0,1
0.16052493,0.0012207218,1.0,0.7704919,7.8407425e-07,2.6375481e-05,0.0,0.0,0.0,0.0,0.0,0.99981093,0.29234087,0.0,0.5,0.5,0.0,0.0,0.0,0.0,4.910791e-15,0.0,0.0,0.0,0.0,0.0,0.00021587781,0.0,0.0014285714,0.0,0.0,0.0,0.0,0.0,0.0,0.0,0.0,0.0,0.0,0.0,0.0,1
0.50037384,0.0012207218,0.3125,0.028688528,1.0977041e-05,5.2750962e-05,0.0,0.0,0.009345794,0.01010101,0.0,0.99964374,0.55052143,0.0,0.5,0.5,0.015418502,0.1374233,0.0,0.015418502,2.4359467e-13,0.0,0.00063162076,0.0012722646,0.0,0.0,0.001079389,0.0,0.0,0.02189781,0.0,0.0,0.0,0.007812619,0.0,0.5691057,0.5691057,0.0,0.0,0.0,0.0,1
0.25316244,0.0012207218,0.3125,0.028688528,1.0977041e-05,5.2750962e-05,0.0,0.0,0.009345794,0.01010101,0.0,0.9995383,0.71341246,0.0,0.5,0.5,0.015418502,0.1374233,0.0,0.015418502,2.4359467e-13,0.0,0.00063162076,0.0012722646,0.0,0.0,0.001079389,0.0,0.0,0.02189781,0.0,0.0,0.0,0.007812619,0.0,0.5691057,0.5691057,0.0,0.0,0.0,0.0,1
0.4108797,0.0012207218,0.3125,0.028688528,7.056669e-06,2.6375481e-05,0.0,0.0,0.009345794,0.01010101,0.0,0.9997164,0.43833154,0.0,0.5,0.5,0.015418502,0.1374233,0.0,0.015418502,2.4335156e-13,0.0,0.0,0.0,0.0,0.0,0.001079389,0.0,0.0,0.01459854,0.0,0.0,0.0,0.007812619,0.0,0.0,0.0,0.0,0.0,0.0,0.0,1
0.29427025,0.0012207218,0.3125,0.028688528,7.056669e-06,2.6375481e-05,0.0,0.0,0.009345794,0.01010101,0.0,0.99952364,0.7360662,0.0,0.5,0.5,0.015418502,0.1374233,0.0,0.015418502,2.4335156e-13,0.0,0.0,0.0,0.0,0.0,0.001079389,0.0,0.0,0.01459854,0.0,0.0,0.0,0.007812619,0.0,0.0,0.0,0.0,0.0,0.0,0.0,1
0.23533991,0.0012207218,0.3125,0.028688528,3.1362974e-06,0.0,0.0,0.0,0.009345794,0.01010101,0.0,0.0,0.0,0.0,0.0,0.0,0.015418502,0.1374233,0.0,0.015418502,2.4310862e-16,0.0,0.0,0.0,0.0,0.0,0.001079389,0.0,0.0,0.00729927,0.0,0.0,0.0,0.007812619,0.0,0.0,0.0,0.0,0.0,0.0,0.0,1
0.2696422,0.0012207218,1.0,0.7704919,3.1362974e-06,0.000105501924,0.0,0.0,0.0,0.0,0.0,0.9997804,0.33944625,0.0,0.5,0.5,0.0,0.0,0.0,0.0,1.9497299e-14,0.0,0.0,0.0,0.0,0.0,0.0,0.0,0.0035714284,0.0,0.0,0.0,0.0,0.0,0.0,0.0,0.0,0.0,0.0,0.0,0.0,1
0.27391472,0.0012207218,1.0,0.7704919,7.8407425e-07,2.6375481e-05,0.0,0.0,0.0,0.0,0.0,0.99977833,0.34268248,0.0,0.5,0.5,0.0,0.0,0.0,0.0,4.910791e-15,0.0,0.0,0.0,0.0,0.0,0.00021587781,0.0,0.0014285714,0.0,0.0,0.0,0.0,0.0,0.0,0.0,0.0,0.0,0.0,0.0,0.0,1
0.1602808,0.0012207218,0.3125,0.028688528,7.056669e-06,2.6375481e-05,0.0,0.0,0.009345794,0.01010101,0.0,0.99958926,0.6346638,0.0,0.5,0.5,0.015418502,0.1374233,0.0,0.015418502,2.4335156e-13,0.0,0.00063162076,0.0012722646,0.0,0.0,0.001079389,0.0,0.0,0.01459854,0.0,0.0,0.0,0.007812619,0.0,0.5691057,0.5691057,0.0,0.0,0.0,0.0,1
0.7556268,0.0012207218,1.0,0.7704919,0.0,0.0,0.0,0.0,0.0,0.0,0.0,0.0,0.0,0.0,0.0,0.0,0.0,0.0,0.0,0.0,4.8621385e-17,0.0,0.0,0.0,0.0,0.0,0.00021587781,0.0,0.0007142857,0.0,0.0,0.0,0.0,0.0,0.0,0.0,0.0,0.0,0.0,0.0,0.0,1
0.15361258,0.0012207218,1.0,0.7704919,7.8407425e-07,2.6375481e-05,0.0,0.0,0.0,0.0,0.0,0.9998903,0.16972312,0.0,0.5,0.5,0.0,0.0,0.0,0.0,4.910791e-15,0.0,0.0,0.0,0.0,0.0,0.00021587781,0.0,0.0014285714,0.0,0.0,0.0,0.0,0.0,0.0,0.0,0.0,0.0,0.0,0.0,0.0,1
0.18524456,0.0012207218,1.0,0.7704919,7.8407425e-07,2.6375481e-05,0.0,0.0,0.0,0.0,0.0,0.99987704,0.19021934,0.0,0.5,0.5,0.0,0.0,0.0,0.0,4.910791e-15,0.0,0.0,0.0,0.0,0.0,0.00021587781,0.0,0.0014285714,0.0,0.0,0.0,0.0,0.0,0.0,0.0,0.0,0.0,0.0,0.0,0.0,1
0.62493324,0.0012207218,1.0,0.7704919,7.8407425e-07,2.6375481e-05,0.0,0.0,0.0,0.0,0.0,0.99984354,0.24199928,0.0,0.5,0.5,0.0,0.0,0.0,0.0,9.724362e-17,0.0,0.0,0.0,0.0,0.0,0.0,0.0,0.0014285714,0.0,0.0,0.0,0.0,0.0,0.0,0.0,0.0,0.0,0.0,0.0,0.0,1
0.28117803,0.0012207218,0.3125,0.028688528,7.056669e-06,2.6375481e-05,0.0,0.0,0.009345794,0.01010101,0.0,0.9996254,0.5789285,0.0,0.5,0.5,0.015418502,0.1374233,0.0,0.015418502,2.4335156e-13,0.0,0.0,0.0,0.0,0.0,0.001079389,0.0,0.0,0.01459854,0.0,0.0,0.0,0.007812619,0.0,0.0,0.0,0.0,0.0,0.0,0.0,1
0.3909972,0.0012207218,0.3125,0.028688528,7.056669e-06,2.6375481e-05,0.0,0.0,0.009345794,0.01010101,0.0,0.9997308,0.4160374,0.0,0.5,0.5,0.015418502,0.1374233,0.0,0.015418502,2.4335156e-13,0.0,0.0,0.0,0.0,0.0,0.001079389,0.0,0.0,0.01459854,0.0,0.0,0.0,0.007812619,0.0,0.0,0.0,0.0,0.0,0.0,0.0,1
0.69903105,0.0012207218,1.0,0.7704919,7.8407425e-07,2.6375481e-05,0.0,0.0,0.0,0.0,0.0,0.9998256,0.26968718,0.0,0.5,0.5,0.0,0.0,0.0,0.0,4.910791e-15,0.0,0.0,0.0,0.0,0.0,0.00021587781,0.0,0.0014285714,0.0,0.0,0.0,0.0,0.0,0.0,0.0,0.0,0.0,0.0,0.0,0.0,1
0.4509499,0.0012207218,1.0,0.7704919,7.8407425e-07,2.6375481e-05,0.0,0.0,0.0,0.0,0.0,0.99983656,0.25278676,0.0,0.5,0.5,0.0,0.0,0.0,0.0,9.724362e-17,0.0,0.0,0.0,0.0,0.0,0.0,0.0,0.0014285714,0.0,0.0,0.0,0.0,0.0,0.0,0.0,0.0,0.0,0.0,0.0,0.0,1
0.5883269,0.0012207218,1.0,0.7704919,7.8407425e-07,2.6375481e-05,0.0,0.0,0.0,0.0,0.0,0.99989825,0.1574973,0.0,0.5,0.5,0.0,0.0,0.0,0.0,9.724362e-17,0.0,0.0,0.0,0.0,0.0,0.0,0.0,0.0014285714,0.0,0.0,0.0,0.0,0.0,0.0,0.0,0.0,0.0,0.0,0.0,0.0,1
0.7730068,0.0012207218,1.0,0.7704919,7.8407425e-07,2.6375481e-05,0.0,0.0,0.0,0.0,0.0,0.9997599,0.37108955,0.0,0.5,0.5,0.0,0.0,0.0,0.0,4.910791e-15,0.0,0.0,0.0,0.0,0.0,0.00021587781,0.0,0.0014285714,0.0,0.0,0.0,0.0,0.0,0.0,0.0,0.0,0.0,0.0,0.0,0.0,1
0.8052033,0.0012207218,1.0,0.7704919,7.8407425e-07,2.6375481e-05,0.0,0.0,0.0,0.0,0.0,0.99972385,0.4268249,0.0,0.5,0.5,0.0,0.0,0.0,0.0,4.910791e-15,0.0,0.0,0.0,0.0,0.0,0.00021587781,0.0,0.0014285714,0.0,0.0,0.0,0.0,0.0,0.0,0.0,0.0,0.0,0.0,0.0,0.0,1
0.4252079,0.0012207218,1.0,0.7704919,7.8407425e-07,2.6375481e-05,0.0,0.0,0.0,0.0,0.0,0.99986935,0.20208558,0.0,0.5,0.5,0.0,0.0,0.0,0.0,4.910791e-15,0.0,0.0,0.0,0.0,0.0,0.00021587781,0.0,0.0014285714,0.0,0.0,0.0,0.0,0.0,0.0,0.0,0.0,0.0,0.0,0.0,0.0,1
0.41284811,0.0012207218,0.3125,0.028688528,1.0977041e-05,5.2750962e-05,0.0,0.0,0.009345794,0.01010101,0.0,0.99950546,0.76411366,0.0,0.5,0.5,0.015418502,0.1374233,0.0,0.015418502,2.433518e-10,0.0,0.00063162076,0.0012722646,0.0,0.0,0.001079389,0.0,0.0,0.02189781,0.0,0.0,0.0,0.007812619,0.0,0.5691057,0.5691057,0.0,0.0,0.0,0.0,1
0.6624857,0.0012207218,0.3125,0.028688528,7.056669e-06,2.6375481e-05,0.0,0.0,0.009345794,0.01010101,0.0,0.9998079,0.29701546,0.0,0.5,0.5,0.015418502,0.1374233,0.0,0.015418502,4.8621724e-16,0.0,0.0,0.0,0.0,0.0,0.0,0.0,0.0,0.01459854,0.0,0.0,0.0,0.007812619,0.0,0.0,0.0,0.0,0.0,0.0,0.0,1
0.14750898,0.0012207218,0.3125,0.028688528,7.056669e-06,2.6375481e-05,0.0,0.0,0.009345794,0.01010101,0.0,0.9998512,0.23013304,0.0,0.5,0.5,0.015418502,0.1374233,0.0,0.015418502,2.4335156e-13,0.0,0.0,0.0,0.0,0.0,0.001079389,0.0,0.0,0.01459854,0.0,0.0,0.0,0.007812619,0.0,0.0,0.0,0.0,0.0,0.0,0.0,1
0.72500193,0.0012207218,1.0,0.7704919,1.5681486e-06,5.2750962e-05,0.0,0.0,0.0,0.0,0.0,0.9996822,0.49119025,0.0,0.5,0.5,0.0,0.0,0.0,0.0,4.911277e-13,0.0,0.0,0.0,0.0,0.0,0.00021587781,0.0,0.002142857,0.0,0.0,0.0,0.0,0.0,0.0,0.0,0.0,0.0,0.0,0.0,0.0,1
0.038300157,0.0012207218,1.0,0.7704919,2.352223e-06,7.912645e-05,0.0,0.0,0.0,0.0,0.0,0.9996894,0.48004317,0.0,0.5,0.5,0.0,0.0,0.0,0.0,9.821582e-15,0.0,0.0,0.0,0.0,0.0,0.00021587781,0.0,0.0028571428,0.0,0.0,0.0,0.0,0.0,0.0,0.0,0.0,0.0,0.0,0.0,0.0,1
0.785977,0.0012207218,0.3125,0.028688528,7.056669e-06,2.6375481e-05,0.0,0.0,0.009345794,0.01010101,0.0,0.9996,0.618123,0.0,0.5,0.5,0.015418502,0.1374233,0.0,0.015418502,2.4335156e-13,0.0,0.0,0.0,0.0,0.0,0.001079389,0.0,0.0,0.01459854,0.0,0.0,0.0,0.007812619,0.0,0.0,0.0,0.0,0.0,0.0,0.0,1
0.8514687,0.0012207218,1.0,0.7704919,7.8407425e-07,2.6375481e-05,0.0,0.0,0.0,0.0,0.0,0.99990195,0.15174398,0.0,0.5,0.5,0.0,0.0,0.0,0.0,4.910791e-15,0.0,0.0,0.0,0.0,0.0,0.00021587781,0.0,0.0014285714,0.0,0.0,0.0,0.0,0.0,0.0,0.0,0.0,0.0,0.0,0.0,0.0,1
0.8431678,0.0012207218,0.3125,0.028688528,3.1362974e-06,0.0,1.139755e-06,2.8165046e-05,0.10280373,0.01010101,0.24390243,0.999993,0.0,0.0,0.0,0.0,0.015418502,0.014723926,0.078125,0.015418502,2.4310862e-16,1.2534626e-21,0.0,0.0,0.0,0.0,0.001079389,0.00042855,0.0007142857,0.00729927,0.0,0.0,0.0,0.007812619,0.0,0.0,0.0,0.0,0.0,0.0,0.0,1
0.07026783,0.0012207218,0.3125,0.028688528,7.056669e-06,2.6375481e-05,0.0,0.0,0.009345794,0.01010101,0.0,0.99958926,0.6346638,0.0,0.5,0.5,0.015418502,0.1374233,0.0,0.015418502,2.4335156e-13,0.0,0.0,0.0,0.0,0.0,0.001079389,0.0,0.0,0.01459854,0.0,0.0,0.0,0.007812619,0.0,0.0,0.0,0.0,0.0,0.0,0.0,1
0.9364462,0.0012207218,1.0,0.7704919,7.8407425e-07,2.6375481e-05,0.0,0.0,0.0,0.0,0.0,0.9998184,0.28083423,0.0,0.5,0.5,0.0,0.0,0.0,0.0,9.724362e-17,0.0,0.0,0.0,0.0,0.0,0.0,0.0,0.0014285714,0.0,0.0,0.0,0.0,0.0,0.0,0.0,0.0,0.0,0.0,0.0,0.0,1
0.89913785,0.0012207218,0.3125,0.028688528,7.056669e-06,2.6375481e-05,1.139755e-06,2.8165046e-05,0.10280373,0.01010101,0.24390243,0.999549,0.69687164,0.0,0.5,0.5,0.015418502,0.014723926,0.078125,0.015418502,2.4335156e-13,1.2534626e-21,0.0,0.0,0.0,0.0,0.001079389,0.00042855,0.0007142857,0.01459854,0.0,0.0,0.0,0.007812619,0.0,0.0,0.0,0.0,0.0,0.0,0.0,1
0.4487831,0.0012207218,0.3125,0.028688528,7.056669e-06,2.6375481e-05,0.0,0.0,0.009345794,0.01010101,0.0,0.99979997,0.3092413,0.0,0.5,0.5,0.015418502,0.1374233,0.0,0.015418502,2.4335156e-13,0.0,0.0,0.0,0.0,0.0,0.001079389,0.0,0.0,0.01459854,0.0,0.0,0.0,0.007812619,0.0,0.0,0.0,0.0,0.0,0.0,0.0,1
0.31941712,0.0012207218,0.3125,0.028688528,3.1362974e-06,0.0,1.139755e-06,2.8165046e-05,0.10280373,0.01010101,0.24390243,0.0,0.0,0.0,0.0,0.0,0.015418502,0.014723926,0.078125,0.015418502,2.4310862e-16,1.2534626e-21,0.0,0.0,0.0,0.0,0.001079389,0.00042855,0.0007142857,0.00729927,0.0,0.0,0.0,0.007812619,0.0,0.0,0.0,0.0,0.0,0.0,0.0,1
0.25659573,0.0012207218,0.3125,0.028688528,1.0977041e-05,5.2750962e-05,0.0,0.0,0.009345794,0.01010101,0.0,0.9995383,0.71341246,0.0,0.5,0.5,0.015418502,0.1374233,0.0,0.015418502,2.4359467e-13,0.0,0.00063162076,0.0012722646,0.0,0.0,0.001079389,0.0,0.0,0.02189781,0.0,0.0,0.0,0.007812619,0.0,0.5691057,0.5691057,0.0,0.0,0.0,0.0,1
0.925185,0.0012207218,0.3125,0.028688528,7.056669e-06,2.6375481e-05,0.0,0.0,0.009345794,0.01010101,0.0,0.9996326,0.5677814,0.0,0.5,0.5,0.015418502,0.1374233,0.0,0.015418502,2.4335156e-13,0.0,0.00063162076,0.0012722646,0.0,0.0,0.001079389,0.0,0.0,0.01459854,0.0,0.0,0.0,0.007812619,0.0,0.5691057,0.5691057,0.0,0.0,0.0,0.0,1
0.38695353,0.0012207218,1.0,0.7704919,7.8407425e-07,2.6375481e-05,0.0,0.0,0.0,0.0,0.0,0.9998112,0.2919813,0.0,0.5,0.5,0.0,0.0,0.0,0.0,4.910791e-15,0.0,0.0,0.0,0.0,0.0,0.00021587781,0.0,0.0014285714,0.0,0.0,0.0,0.0,0.0,0.0,0.0,0.0,0.0,0.0,0.0,0.0,1
0.19011217,0.0012207218,1.0,0.7704919,1.5681486e-06,5.2750962e-05,0.0,0.0,0.0,0.0,0.0,0.9997273,0.42143115,0.0,0.5,0.5,0.0,0.0,0.0,0.0,4.9594126e-15,0.0,0.0,0.0,0.0,0.0,0.00021587781,0.0,0.002142857,0.0,0.0,0.0,0.0,0.0,0.0,0.0,0.0,0.0,0.0,0.0,0.0,1
0.95825136,0.0012207218,1.0,0.7704919,7.8407425e-07,2.6375481e-05,0.0,0.0,0.0,0.0,0.0,0.9997236,0.4271845,0.0,0.5,0.5,0.0,0.0,0.0,0.0,4.910791e-15,0.0,0.0,0.0,0.0,0.0,0.00021587781,0.0,0.0014285714,0.0,0.0,0.0,0.0,0.0,0.0,0.0,0.0,0.0,0.0,0.0,0.0,1
0.74975204,0.0012207218,1.0,0.7704919,1.5681486e-06,5.2750962e-05,0.0,0.0,0.0,0.0,0.0,0.99967265,0.50593317,0.0,0.5,0.5,0.0,0.0,0.0,0.0,4.9594126e-15,0.0,0.0,0.0,0.0,0.0,0.00021587781,0.0,0.002142857,0.0,0.0,0.0,0.0,0.0,0.0,0.0,0.0,0.0,0.0,0.0,0.0,1
0.75597775,0.0012207218,0.3125,0.028688528,7.056669e-06,2.6375481e-05,0.0,0.0,0.009345794,0.01010101,0.0,0.99950546,0.76411366,0.0,0.5,0.5,0.015418502,0.1374233,0.0,0.015418502,2.4335156e-13,0.0,0.00063162076,0.0012722646,0.0,0.0,0.001079389,0.0,0.0,0.01459854,0.0,0.0,0.0,0.007812619,0.0,0.5691057,0.5691057,0.0,0.0,0.0,0.0,1
0.06773481,0.0012207218,0.3125,0.028688528,7.056669e-06,2.6375481e-05,0.0,0.0,0.009345794,0.01010101,0.0,0.99946165,0.8317152,0.0,0.5,0.5,0.015418502,0.1374233,0.0,0.015418502,2.4335156e-13,0.0,0.0,0.0,0.0,0.0,0.001079389,0.0,0.0,0.01459854,0.0,0.0,0.0,0.007812619,0.0,0.0,0.0,0.0,0.0,0.0,0.0,1
0.53511864,0.0012207218,1.0,0.7704919,7.8407425e-07,2.6375481e-05,0.0,0.0,0.0,0.0,0.0,0.9999201,0.123696506,0.0,0.5,0.5,0.0,0.0,0.0,0.0,9.724362e-17,0.0,0.0,0.0,0.0,0.0,0.0,0.0,0.0014285714,0.0,0.0,0.0,0.0,0.0,0.0,0.0,0.0,0.0,0.0,0.0,0.0,1
0.8795606,0.0012207218,0.3125,0.028688528,1.0977041e-05,5.2750962e-05,0.0,0.0,0.009345794,0.01010101,0.0,0.9996181,0.59007555,0.0,0.5,0.5,0.015418502,0.1374233,0.0,0.015418502,2.4359467e-13,0.0,0.0,0.0,0.0,0.0,0.001079389,0.0,0.0,0.02189781,0.0,0.0,0.0,0.007812619,0.0,0.0,0.0,0.0,0.0,0.0,0.0,1
0.9183948,0.0012207218,0.3125,0.028688528,7.056669e-06,2.6375481e-05,0.0,0.0,0.009345794,0.01010101,0.0,0.99956363,0.67421794,0.0,0.5,0.5,0.015418502,0.1374233,0.0,0.015418502,2.4335156e-13,0.0,0.0,0.0,0.0,0.0,0.001079389,0.0,0.0,0.01459854,0.0,0.0,0.0,0.007812619,0.0,0.0,0.0,0.0,0.0,0.0,0.0,1
0.9073015,0.13748379,0.3125,0.0,4.4804233e-07,0.0,1.139755e-06,2.8165046e-05,0.10280373,0.01010101,0.24390243,0.0,0.0,0.0,0.0,0.0,0.002202643,0.014723926,0.078125,0.002202643,7.6405336e-17,1.2534626e-21,0.0,0.0,0.0,0.0,0.00033923658,0.00042855,0.0014285714,0.0,0.0,0.0,0.0,0.015625238,0.0,0.0,0.0,0.0,0.0,0.0,0.0,1
0.90820175,0.0012207218,0.3125,0.028688528,3.1362974e-06,0.0,0.0,0.0,0.009345794,0.01010101,0.0,0.0,0.0,0.0,0.0,0.0,0.015418502,0.1374233,0.0,0.015418502,2.4310862e-16,0.0,0.0,0.0,0.0,0.0,0.001079389,0.0,0.0,0.00729927,0.0,0.0,0.0,0.007812619,0.0,0.0,0.0,0.0,0.0,0.0,0.0,1
0.51685363,0.0012207218,1.0,0.7704919,1.5681486e-06,5.2750962e-05,0.0,0.0,0.0,0.0,0.0,0.9996612,0.5235527,0.0,0.5,0.5,0.0,0.0,0.0,0.0,4.911277e-13,0.0,0.0,0.0,0.0,0.0,0.00021587781,0.0,0.002142857,0.0,0.0,0.0,0.0,0.0,0.0,0.0,0.0,0.0,0.0,0.0,0.0,1
0.27402154,0.0012207218,1.0,0.7704919,7.8407425e-07,2.6375481e-05,0.0,0.0,0.0,0.0,0.0,0.99989825,0.1574973,0.0,0.5,0.5,0.0,0.0,0.0,0.0,4.910791e-15,0.0,0.0,0.0,0.0,0.0,0.00021587781,0.0,0.0014285714,0.0,0.0,0.0,0.0,0.0,0.0,0.0,0.0,0.0,0.0,0.0,0.0,1
0.7851683,0.0012207218,0.3125,0.028688528,7.056669e-06,2.6375481e-05,0.0,0.0,0.009345794,0.01010101,0.0,0.9996801,0.4944265,0.0,0.5,0.5,0.015418502,0.1374233,0.0,0.015418502,2.4335156e-13,0.0,0.0,0.0,0.0,0.0,0.001079389,0.0,0.0,0.01459854,0.0,0.0,0.0,0.007812619,0.0,0.0,0.0,0.0,0.0,0.0,0.0,1
0.49069965,0.0012207218,0.3125,0.028688528,7.056669e-06,2.6375481e-05,0.0,0.0,0.009345794,0.01010101,0.0,0.9997385,0.40417117,0.0,0.5,0.5,0.015418502,0.1374233,0.0,0.015418502,2.4335156e-13,0.0,0.0,0.0,0.0,0.0,0.001079389,0.0,0.0,0.01459854,0.0,0.0,0.0,0.007812619,0.0,0.0,0.0,0.0,0.0,0.0,0.0,1
0.035263598,0.0012207218,1.0,0.7704919,7.8407425e-07,2.6375481e-05,0.0,0.0,0.0,0.0,0.0,0.9997478,0.38978785,0.0,0.5,0.5,0.0,0.0,0.0,0.0,4.910791e-15,0.0,0.0,0.0,0.0,0.0,0.00021587781,0.0,0.0014285714,0.0,0.0,0.0,0.0,0.0,0.0,0.0,0.0,0.0,0.0,0.0,0.0,1
0.9233387,0.0012207218,1.0,0.7704919,7.8407425e-07,2.6375481e-05,0.0,0.0,0.0,0.0,0.0,0.9999276,0.11218986,0.0,0.5,0.5,0.0,0.0,0.0,0.0,9.724362e-17,0.0,0.0,0.0,0.0,0.0,0.0,0.0,0.0014285714,0.0,0.0,0.0,0.0,0.0,0.0,0.0,0.0,0.0,0.0,0.0,0.0,1
0.37261006,0.0012207218,1.0,0.7704919,2.352223e-06,7.912645e-05,0.0,0.0,0.0,0.0,0.0,0.999814,0.28766632,0.0,0.5,0.5,0.0,0.0,0.0,0.0,1.9448681000000001e-16,0.0,0.0,0.0,0.0,0.0,0.0,0.0,0.0028571428,0.0,0.0,0.0,0.0,0.0,0.0,0.0,0.0,0.0,0.0,0.0,0.0,1
0.9953918,0.015304799,0.3125,0.0,4.4804233e-07,0.0,1.139755e-06,2.8165046e-05,0.10280373,0.01010101,0.24390243,0.9999965,0.0,0.0,0.0,0.0,0.002202643,0.014723926,0.078125,0.002202643,7.6405336e-17,1.2534626e-21,0.0,0.0,0.0,0.0,0.00033923658,0.00042855,0.0014285714,0.0,0.0,0.0,0.0,0.015625238,0.0,0.0,0.0,0.0,0.0,0.0,0.0,1
0.78899825,0.7857328,0.3125,0.0,4.4804233e-07,0.0,1.139755e-06,2.8165046e-05,0.10280373,0.01010101,0.24390243,0.0,0.0,0.0,0.0,0.0,0.002202643,0.014723926,0.078125,0.002202643,7.6405336e-17,1.2534626e-21,0.0,0.0,0.0,0.0,0.00033923658,0.00042855,0.0014285714,0.0,0.0,0.0,0.0,0.015625238,0.0,0.0,0.0,0.0,0.0,0.0,0.0,1
0.6148623,0.0012207218,0.3125,0.028688528,1.0977041e-05,5.2750962e-05,0.0,0.0,0.009345794,0.01010101,0.0,0.9997273,0.42143115,0.0,0.5,0.5,0.015418502,0.1374233,0.0,0.015418502,2.4359467e-13,0.0,0.00063162076,0.0012722646,0.0,0.0,0.001079389,0.0,0.0,0.02189781,0.0,0.0,0.0,0.007812619,0.0,0.5691057,0.5691057,0.0,0.0,0.0,0.0,1
0.41544214,0.0012207218,1.0,0.7704919,1.5681486e-06,5.2750962e-05,0.0,0.0,0.0,0.0,0.0,0.99976367,0.3653362,0.0,0.5,0.5,0.0,0.0,0.0,0.0,4.9594126e-15,0.0,0.0,0.0,0.0,0.0,0.00021587781,0.0,0.002142857,0.0,0.0,0.0,0.0,0.0,0.0,0.0,0.0,0.0,0.0,0.0,0.0,1
0.070649296,0.0012207218,1.0,0.7704919,7.8407425e-07,2.6375481e-05,0.0,0.0,0.0,0.0,0.0,0.9998002,0.3088817,0.0,0.5,0.5,0.0,0.0,0.0,0.0,4.910791e-15,0.0,0.0,0.0,0.0,0.0,0.00021587781,0.0,0.0014285714,0.0,0.0,0.0,0.0,0.0,0.0,0.0,0.0,0.0,0.0,0.0,0.0,1
0.64539564,0.0012207218,0.3125,0.028688528,7.056669e-06,2.6375481e-05,0.0,0.0,0.009345794,0.01010101,0.0,0.9996801,0.4944265,0.0,0.5,0.5,0.015418502,0.1374233,0.0,0.015418502,2.4335156e-13,0.0,0.00063162076,0.0012722646,0.0,0.0,0.001079389,0.0,0.0,0.01459854,0.0,0.0,0.0,0.007812619,0.0,0.5691057,0.5691057,0.0,0.0,0.0,0.0,1
0.37991914,0.0012207218,1.0,0.7704919,1.5681486e-06,5.2750962e-05,0.0,0.0,0.0,0.0,0.0,0.99970543,0.45523196,0.0,0.5,0.5,0.0,0.0,0.0,0.0,4.9594126e-15,0.0,0.0,0.0,0.0,0.0,0.00021587781,0.0,0.002142857,0.0,0.0,0.0,0.0,0.0,0.0,0.0,0.0,0.0,0.0,0.0,0.0,1
0.22441444,0.0012207218,1.0,0.7704919,1.5681486e-06,5.2750962e-05,0.0,0.0,0.0,0.0,0.0,0.99971265,0.44408488,0.0,0.5,0.5,0.0,0.0,0.0,0.0,4.9594126e-15,0.0,0.0,0.0,0.0,0.0,0.00021587781,0.0,0.002142857,0.0,0.0,0.0,0.0,0.0,0.0,0.0,0.0,0.0,0.0,0.0,0.0,1
0.15072864,0.0012207218,0.3125,0.028688528,7.056669e-06,2.6375481e-05,0.0,0.0,0.009345794,0.01010101,0.0,0.99949825,0.77526075,0.0,0.5,0.5,0.015418502,0.1374233,0.0,0.015418502,2.4335156e-13,0.0,0.0,0.0,0.0,0.0,0.001079389,0.0,0.0,0.01459854,0.0,0.0,0.0,0.007812619,0.0,0.0,0.0,0.0,0.0,0.0,0.0,1
0.43375298,0.0012207218,1.0,0.7704919,7.8407425e-07,2.6375481e-05,0.0,0.0,0.0,0.0,0.0,0.99979997,0.3092413,0.0,0.5,0.5,0.0,0.0,0.0,0.0,4.910791e-15,0.0,0.0,0.0,0.0,0.0,0.00021587781,0.0,0.0014285714,0.0,0.0,0.0,0.0,0.0,0.0,0.0,0.0,0.0,0.0,0.0,0.0,1
0.14010835,0.0012207218,0.3125,0.028688528,7.056669e-06,2.6375481e-05,0.0,0.0,0.009345794,0.01010101,0.0,0.99978554,0.33153543,0.0,0.5,0.5,0.015418502,0.1374233,0.0,0.015418502,2.4335156e-13,0.0,0.00063162076,0.0012722646,0.0,0.0,0.001079389,0.0,0.0,0.01459854,0.0,0.0,0.0,0.007812619,0.0,0.5691057,0.5691057,0.0,0.0,0.0,0.0,1
0.965713,0.0012207218,0.3125,0.028688528,7.056669e-06,2.6375481e-05,0.0,0.0,0.009345794,0.01010101,0.0,0.9996619,0.52247393,0.0,0.5,0.5,0.015418502,0.1374233,0.0,0.015418502,2.4335156e-13,0.0,0.00063162076,0.0012722646,0.0,0.0,0.001079389,0.0,0.0,0.01459854,0.0,0.0,0.0,0.007812619,0.0,0.5691057,0.5691057,0.0,0.0,0.0,0.0,1
0.9867247,0.0012207218,1.0,0.7704919,3.1362974e-06,0.000105501924,0.0,0.0,0.0,0.0,0.0,0.99966913,0.5113269,0.0,0.5,0.5,0.0,0.0,0.0,0.0,5.00852e-13,0.0,0.0,0.0,0.0,0.0,0.00021587781,0.0,0.0035714284,0.0,0.0,0.0,0.0,0.0,0.0,0.0,0.0,0.0,0.0,0.0,0.0,1
0.38800642,0.0012207218,1.0,0.7704919,7.8407425e-07,2.6375481e-05,0.0,0.0,0.0,0.0,0.0,0.99981815,0.28119382,0.0,0.5,0.5,0.0,0.0,0.0,0.0,9.724362e-17,0.0,0.0,0.0,0.0,0.0,0.0,0.0,0.0014285714,0.0,0.0,0.0,0.0,0.0,0.0,0.0,0.0,0.0,0.0,0.0,0.0,1
0.15895325,0.0012207218,1.0,0.7704919,7.8407425e-07,2.6375481e-05,0.0,0.0,0.0,0.0,0.0,0.99979395,0.31859043,0.0,0.5,0.5,0.0,0.0,0.0,0.0,4.910791e-15,0.0,0.0,0.0,0.0,0.0,0.00021587781,0.0,0.0014285714,0.0,0.0,0.0,0.0,0.0,0.0,0.0,0.0,0.0,0.0,0.0,0.0,1
0.36731517,0.0012207218,0.3125,0.028688528,7.056669e-06,2.6375481e-05,0.0,0.0,0.009345794,0.01010101,0.0,0.99955994,0.6799713,0.0,0.5,0.5,0.015418502,0.1374233,0.0,0.015418502,2.4335156e-13,0.0,0.0,0.0,0.0,0.0,0.001079389,0.0,0.0,0.01459854,0.0,0.0,0.0,0.007812619,0.0,0.0,0.0,0.0,0.0,0.0,0.0,1
0.6011902,0.0012207218,0.3125,0.028688528,7.056669e-06,2.6375481e-05,0.0,0.0,0.009345794,0.01010101,0.0,0.99978554,0.33153543,0.0,0.5,0.5,0.015418502,0.1374233,0.0,0.015418502,2.4335156e-13,0.0,0.00063162076,0.0012722646,0.0,0.0,0.001079389,0.0,0.0,0.01459854,0.0,0.0,0.0,0.007812619,0.0,0.5691057,0.5691057,0.0,0.0,0.0,0.0,1
0.614725,0.0012207218,0.3125,0.028688528,7.056669e-06,2.6375481e-05,0.0,0.0,0.009345794,0.01010101,0.0,0.9998328,0.2585401,0.0,0.5,0.5,0.015418502,0.1374233,0.0,0.015418502,2.4335156e-13,0.0,0.0,0.0,0.0,0.0,0.001079389,0.0,0.0,0.01459854,0.0,0.0,0.0,0.007812619,0.0,0.0,0.0,0.0,0.0,0.0,0.0,1
0.53023577,0.0012207218,1.0,0.7704919,1.5681486e-06,5.2750962e-05,0.0,0.0,0.0,0.0,0.0,0.9997129,0.4437253,0.0,0.5,0.5,0.0,0.0,0.0,0.0,4.9594126e-15,0.0,0.0,0.0,0.0,0.0,0.00021587781,0.0,0.002142857,0.0,0.0,0.0,0.0,0.0,0.0,0.0,0.0,0.0,0.0,0.0,0.0,1
0.38248265,0.0012207218,1.0,0.7704919,7.8407425e-07,2.6375481e-05,0.0,0.0,0.0,0.0,0.0,0.99978715,0.32901835,0.0,0.5,0.5,0.0,0.0,0.0,0.0,4.910791e-15,0.0,0.0,0.0,0.0,0.0,0.00021587781,0.0,0.0014285714,0.0,0.0,0.0,0.0,0.0,0.0,0.0,0.0,0.0,0.0,0.0,0.0,1
0.061753273,0.0012207218,0.3125,0.028688528,7.056669e-06,2.6375481e-05,0.0,0.0,0.009345794,0.01010101,0.0,0.9996838,0.48867315,0.0,0.5,0.5,0.015418502,0.1374233,0.0,0.015418502,2.4335156e-13,0.0,0.0,0.0,0.0,0.0,0.001079389,0.0,0.0,0.01459854,0.0,0.0,0.0,0.007812619,0.0,0.0,0.0,0.0,0.0,0.0,0.0,1
0.5921569,0.0012207218,1.0,0.7704919,7.8407425e-07,2.6375481e-05,0.0,0.0,0.0,0.0,0.0,0.9998223,0.27472132,0.0,0.5,0.5,0.0,0.0,0.0,0.0,4.910791e-15,0.0,0.0,0.0,0.0,0.0,0.00021587781,0.0,0.0014285714,0.0,0.0,0.0,0.0,0.0,0.0,0.0,0.0,0.0,0.0,0.0,0.0,1
0.50168616,0.0012207218,0.3125,0.028688528,1.0977041e-05,5.2750962e-05,0.0,0.0,0.009345794,0.01010101,0.0,0.9997711,0.35382956,0.0,0.5,0.5,0.015418502,0.1374233,0.0,0.015418502,4.8646005e-13,0.0,0.0,0.0,0.0,0.0,0.0,0.0,0.0,0.02189781,0.0,0.0,0.0,0.007812619,0.0,0.0,0.0,0.0,0.0,0.0,0.0,1
0.56650645,0.0012207218,0.3125,0.028688528,7.056669e-06,2.6375481e-05,0.0,0.0,0.009345794,0.01010101,0.0,0.9996144,0.5958289,0.0,0.5,0.5,0.015418502,0.1374233,0.0,0.015418502,2.4335156e-13,0.0,0.0,0.0,0.0,0.0,0.001079389,0.0,0.0,0.01459854,0.0,0.0,0.0,0.007812619,0.0,0.0,0.0,0.0,0.0,0.0,0.0,1
0.28136113,0.0012207218,1.0,0.7704919,7.8407425e-07,2.6375481e-05,0.0,0.0,0.0,0.0,0.0,0.9997201,0.43257824,0.0,0.5,0.5,0.0,0.0,0.0,0.0,4.910791e-15,0.0,0.0,0.0,0.0,0.0,0.00021587781,0.0,0.0014285714,0.0,0.0,0.0,0.0,0.0,0.0,0.0,0.0,0.0,0.0,0.0,0.0,1
0.14465553,0.0012207218,1.0,0.7704919,7.8407425e-07,2.6375481e-05,0.0,0.0,0.0,0.0,0.0,0.99982184,0.27544048,0.0,0.5,0.5,0.0,0.0,0.0,0.0,4.910791e-15,0.0,0.0,0.0,0.0,0.0,0.00021587781,0.0,0.0014285714,0.0,0.0,0.0,0.0,0.0,0.0,0.0,0.0,0.0,0.0,0.0,0.0,1
0.3594263,0.0012207218,0.3125,0.028688528,7.056669e-06,2.6375481e-05,0.0,0.0,0.009345794,0.01010101,0.0,0.9998074,0.29773462,0.0,0.5,0.5,0.015418502,0.1374233,0.0,0.015418502,2.4335156e-13,0.0,0.0,0.0,0.0,0.0,0.001079389,0.0,0.0,0.01459854,0.0,0.0,0.0,0.007812619,0.0,0.0,0.0,0.0,0.0,0.0,0.0,1
0.9953918,0.87214464,0.3125,0.0,4.4804233e-07,0.0,1.139755e-06,2.8165046e-05,0.10280373,0.01010101,0.24390243,0.0,0.0,0.0,0.0,0.0,0.002202643,0.014723926,0.078125,0.002202643,7.6405336e-17,1.2534626e-21,0.0,0.0,0.0,0.0,0.00033923658,0.00042855,0.0014285714,0.0,0.0,0.0,0.0,0.015625238,0.0,0.0,0.0,0.0,0.0,0.0,0.0,1
0.64649427,0.0012207218,1.0,0.7704919,7.8407425e-07,2.6375481e-05,0.0,0.0,0.0,0.0,0.0,0.999851,0.23049262,0.0,0.5,0.5,0.0,0.0,0.0,0.0,4.910791e-15,0.0,0.0,0.0,0.0,0.0,0.00021587781,0.0,0.0014285714,0.0,0.0,0.0,0.0,0.0,0.0,0.0,0.0,0.0,0.0,0.0,0.0,1
0.36304265,0.0012207218,1.0,0.7704919,7.8407425e-07,2.6375481e-05,0.0,0.0,0.0,0.0,0.0,0.9998428,0.24307802,0.0,0.5,0.5,0.0,0.0,0.0,0.0,9.724362e-17,0.0,0.0,0.0,0.0,0.0,0.0,0.0,0.0014285714,0.0,0.0,0.0,0.0,0.0,0.0,0.0,0.0,0.0,0.0,0.0,0.0,1
