src_ip,src_port,dst_ip,dst_port,proto,service,duration,src_bytes,dst_bytes,conn_state,missed_bytes,src_pkts,src_ip_bytes,dst_pkts,dst_ip_bytes,dns_query,dns_qclass,dns_qtype,dns_rcode,dns_AA,dns_RD,dns_RA,dns_rejected,ssl_version,ssl_cipher,ssl_resumed,ssl_established,ssl_subject,ssl_issuer,http_trans_depth,http_method,http_uri,http_version,http_request_body_len,http_response_body_len,http_status_code,http_user_agent,http_orig_mime_types,http_resp_mime_types,weird_name,weird_addl,weird_notice,target
20,0.00050359964,138,0.0005193455,1,0,8.5546126e-11,0.0,0.0,1,0.0,0.00016244975,2.4529998e-05,8.20062e-06,6.2892964e-06,1,0.0,0.0,0.0,0,0,0,0,0,0,0,0,0,0,0,0,0,0,0.0,0.0,0.0,0,0,0,0,0,0,1
21,0.5238298,173,0.00032077223,1,0,1.9247859e-10,0.0,0.0,1,0.0,4.0612438e-05,9.1987495e-06,8.20062e-06,6.2892964e-06,1,0.0,0.0,0.0,0,0,0,0,0,0,0,0,0,0,0,0,0,0,0.0,0.0,0.0,0,0,0,0,0,0,1
20,0.72019166,163,0.0008095681,2,2,0.0,0.0,0.0,12,0.0,0.0,0.0,8.20062e-06,1.2578593e-05,1,0.0,0.0,0.6,1,1,1,2,0,0,0,0,0,0,0,0,0,0,0.0,0.0,0.0,0,0,0,0,0,0,1
32,0.73006546,177,0.238288,2,0,0.0,0.0,0.0,6,0.0,4.0612438e-05,9.658687e-06,0.0,0.0,1,0.0,0.0,0.0,0,0,0,0,0,0,0,0,0,0,0,0,0,0,0.0,0.0,0.0,0,0,0,0,0,0,0
3,0.76669157,171,0.0008095681,2,2,9.420753e-08,0.0,6.248748e-08,12,0.0,0.0,0.0,1.640124e-05,4.2138287e-05,1,0.0,0.0,0.0,0,0,0,0,0,0,0,0,0,0,0,0,0,0,0.0,0.0,0.0,0,0,0,0,0,0,0
17,0.0012056231,174,0.026547726,1,0,2.4025167e-06,0.0,0.0,6,0.0,0.0048734928,0.00073589996,0.0,0.0,1,0.0,0.0,0.0,0,0,0,0,0,0,0,0,0,0,0,0,0,0,0.0,0.0,0.0,0,0,0,0,0,0,0
11,0.123292744,169,0.02448562,1,0,2.5128495e-06,0.0,0.0,6,0.0,0.0048734928,0.00073589996,0.0,0.0,1,0.0,0.0,0.0,0,0,0,0,0,0,0,0,0,0,0,0,0,0,0.0,0.0,0.0,0,0,0,0,0,0,0
20,0.0001526475,171,0.00016802351,1,0,1.6253741e-09,0.0,0.0,1,0.0,4.0612438e-05,6.1325e-06,8.20062e-06,6.2892964e-06,1,0.0,0.0,0.0,0,0,0,0,0,0,0,0,0,0,0,0,0,0,0.0,0.0,0.0,0,0,0,0,0,0,1
7,0.8259953,171,0.0008095681,2,2,6.5228833e-10,3.3411677e-08,0.0,6,0.0,8.1224876e-05,2.8516122e-05,0.0,0.0,108,3.0516647e-05,0.003921569,0.0,1,2,1,1,0,0,0,0,0,0,0,0,0,0,0.0,0.0,0.0,0,0,0,0,0,0,0
7,0.5747707,171,0.0008095681,2,2,1.9247859e-10,3.3411677e-08,0.0,6,0.0,8.1224876e-05,2.8516122e-05,0.0,0.0,108,3.0516647e-05,0.10980393,0.0,1,2,1,1,0,0,0,0,0,0,0,0,0,0,0.0,0.0,0.0,0,0,0,0,0,0,0
18,0.87554747,171,0.0008095681,2,2,0.0,0.0,0.0,6,0.0,4.0612438e-05,1.2264999e-05,0.0,0.0,577,3.0516647e-05,0.003921569,0.0,1,2,1,1,0,0,0,0,0,0,0,0,0,0,0.0,0.0,0.0,0,0,0,0,0,0,0
7,0.028675199,166,0.7909634,1,0,0.0,0.0,0.0,0,0.0,0.0,0.0,0.0,0.0,1,0.0,0.0,0.0,0,0,0,0,0,0,0,0,0,0,0,0,0,0,0.0,0.0,0.0,0,0,0,0,0,0,0
16,0.7615334,180,0.0012219896,1,0,1.6039877e-09,0.0,0.0,1,0.0,4.0612438e-05,7.3589995e-06,8.20062e-06,6.2892964e-06,1,0.0,0.0,0.0,0,0,0,0,0,0,0,0,0,0,0,0,0,0,0.0,0.0,0.0,0,0,0,0,0,0,1
18,0.8578296,386,0.08179694,2,2,2.0317181e-10,1.6962852e-08,0.0,6,0.0,8.1224876e-05,1.8704124e-05,0.0,0.0,222,3.0516647e-05,1.0,0.0,1,1,1,1,0,0,0,0,0,0,0,0,0,0,0.0,0.0,0.0,0,0,0,0,0,0,0
23,0.6128466,173,0.006797318,1,0,0.0,0.0,0.0,0,0.0,0.0,0.0,8.20062e-06,9.433945e-06,1,0.0,0.0,0.0,0,0,0,0,0,0,0,0,0,0,0,0,0,0,0.0,0.0,0.0,0,0,0,0,0,0,1
7,0.028675199,166,0.7909634,1,0,0.0,0.0,0.0,0,0.0,0.0,0.0,0.0,0.0,1,0.0,0.0,0.0,0,0,0,0,0,0,0,0,0,0,0,0,0,0,0.0,0.0,0.0,0,0,0,0,0,0,0
21,0.722435,174,0.00032077223,1,3,0.00012305305,2.1846096e-08,5.541343e-08,4,0.0,0.0006904114,0.0001497863,0.00013120992,0.00015974813,1,0.0,0.0,0.0,0,0,0,0,0,0,0,0,0,0,0,0,0,0,0.0,0.0,0.0,0,0,0,0,0,0,1
20,0.65487504,184,0.5006034,1,0,0.0,0.0,0.0,6,0.0,4.0612438e-05,6.74575e-06,0.0,0.0,1,0.0,0.0,0.0,0,0,0,0,0,0,0,0,0,0,0,0,0,0,0.0,0.0,0.0,0,0,0,0,0,0,1
6,0.081676245,385,0.08176639,2,2,4.3449905e-05,9.021153e-08,0.0,6,0.0,0.000121837315,6.669093e-05,0.0,0.0,100,1.0,0.04705883,0.0,1,1,1,1,0,0,0,0,0,0,0,0,0,0,0.0,0.0,0.0,0,0,0,0,0,0,0
3,0.65203655,171,0.0008095681,2,0,0.0,0.0,0.0,0,0.0,0.0,0.0,0.0,0.0,1,0.0,0.0,0.0,0,0,0,0,0,0,0,0,0,0,0,0,0,0,0.0,0.0,0.0,0,0,0,0,0,0,0
16,0.75117123,180,0.06788153,1,0,0.0,0.0,0.0,0,0.0,4.0612438e-05,3.31155e-05,0.0,0.0,1,0.0,0.0,0.0,0,0,0,0,0,0,0,0,0,0,0,0,0,0,0.0,0.0,0.0,0,0,0,0,0,0,1
24,0.58742195,163,0.0008095681,2,2,2.9727238e-08,2.1589084e-08,1.2851199e-07,10,0.0,8.1224876e-05,2.1463748e-05,1.640124e-05,7.7358345e-05,228,3.0516647e-05,0.003921569,0.0,1,2,2,1,0,0,0,0,0,0,0,0,0,0,0.0,0.0,0.0,0,0,0,0,0,0,1
4,0.97636086,175,0.97189426,2,0,5.6328844e-07,1.472684e-07,0.0,6,0.0,8.1224876e-05,9.6433556e-05,0.0,0.0,1,0.0,0.0,0.0,0,0,0,0,0,0,0,0,0,0,0,0,0,0,0.0,0.0,0.0,0,0,0,0,0,0,0
7,0.81148225,171,0.0008095681,2,2,7.913006e-10,3.3411677e-08,0.0,6,0.0,8.1224876e-05,2.8516122e-05,0.0,0.0,108,3.0516647e-05,0.10980393,0.0,1,2,1,1,0,0,0,0,0,0,0,0,0,0,0.0,0.0,0.0,0,0,0,0,0,0,0
16,0.751156,182,0.06788153,1,0,0.0,0.0,0.0,0,0.0,4.0612438e-05,5.5192497e-05,0.0,0.0,1,0.0,0.0,0.0,0,0,0,0,0,0,0,0,0,0,0,0,0,0,0.0,0.0,0.0,0,0,0,0,0,0,1
6,0.081676245,385,0.08176639,2,2,0.00013905874,1.1514178e-07,0.0,6,0.0,0.00016244975,8.5855e-05,0.0,0.0,100,1.0,0.04705883,0.0,1,1,1,1,0,0,0,0,0,0,0,0,0,0,0.0,0.0,0.0,0,0,0,0,0,0,0
7,0.020785272,166,0.020819651,1,0,1.8846318e-06,0.0,0.0,6,0.0,0.0048734928,0.00073589996,0.0,0.0,1,0.0,0.0,0.0,0,0,0,0,0,0,0,0,0,0,0,0,0,0,0.0,0.0,0.0,0,0,0,0,0,0,0
22,0.5157416,580,0.0012219896,1,0,0.0,0.0,0.0,11,0.0,4.0612438e-05,7.97225e-06,0.0,0.0,1,0.0,0.0,0.0,0,0,0,0,0,0,0,0,0,0,0,0,0,0,0.0,0.0,0.0,0,0,0,0,0,0,1
7,0.52337205,166,0.1604167,1,0,0.0,0.0,0.0,0,0.0,0.0,0.0,0.0,0.0,1,0.0,0.0,0.0,0,0,0,0,0,0,0,0,0,0,0,0,0,0,0.0,0.0,0.0,0,0,0,0,0,0,0
20,0.88136184,171,0.0012219896,1,0,3.2293617e-09,0.0,0.0,7,0.0,8.1224876e-05,1.7170998e-05,8.20062e-06,9.433945e-06,1,0.0,0.0,0.0,0,0,0,0,0,0,0,0,0,0,0,0,0,0,0.0,0.0,0.0,0,0,0,0,0,0,1
7,0.920857,171,0.0008095681,2,2,3.3149083e-10,3.3411677e-08,0.0,6,0.0,8.1224876e-05,2.8516122e-05,0.0,0.0,108,3.0516647e-05,0.10980393,0.0,1,2,1,1,0,0,0,0,0,0,0,0,0,0,0.0,0.0,0.0,0,0,0,0,0,0,0
7,0.8742045,171,0.0008095681,2,2,4.1703674e-10,3.3411677e-08,0.0,6,0.0,8.1224876e-05,2.8516122e-05,0.0,0.0,108,3.0516647e-05,0.10980393,0.0,1,2,1,1,0,0,0,0,0,0,0,0,0,0,0.0,0.0,0.0,0,0,0,0,0,0,0
16,0.75147647,180,0.06788153,1,0,0.0,0.0,0.0,0,0.0,4.0612438e-05,3.5568497e-05,0.0,0.0,1,0.0,0.0,0.0,0,0,0,0,0,0,0,0,0,0,0,0,0,0,0.0,0.0,0.0,0,0,0,0,0,0,1
7,0.90316963,171,0.0008095681,2,2,4.1703674e-10,3.3411677e-08,0.0,6,0.0,8.1224876e-05,2.8516122e-05,0.0,0.0,108,3.0516647e-05,0.003921569,0.0,1,2,1,1,0,0,0,0,0,0,0,0,0,0,0.0,0.0,0.0,0,0,0,0,0,0,0
21,0.89349425,170,0.01671071,1,0,0.0,0.0,0.0,6,0.0,4.0612438e-05,6.74575e-06,0.0,0.0,1,0.0,0.0,0.0,0,0,0,0,0,0,0,0,0,0,0,0,0,0,0.0,0.0,0.0,0,0,0,0,0,0,1
7,0.52337205,166,0.1604167,1,0,0.0,0.0,0.0,0,0.0,0.0,0.0,0.0,0.0,1,0.0,0.0,0.0,0,0,0,0,0,0,0,0,0,0,0,0,0,0,0.0,0.0,0.0,0,0,0,0,0,0,0
20,0.75553584,176,0.084164545,1,0,0.0,0.0,0.0,6,0.0,4.0612438e-05,6.74575e-06,0.0,0.0,1,0.0,0.0,0.0,0,0,0,0,0,0,0,0,0,0,0,0,0,0,0.0,0.0,0.0,0,0,0,0,0,0,1
21,0.6651151,175,0.0012219896,1,5,1.3269705e-05,1.3210463e-07,1.544502e-07,10,0.0,0.00024367461,0.00011866387,3.280248e-05,0.000109433764,1,0.0,0.0,0.0,0,0,0,0,0,0,0,0,0,0,0,0,0,0,0.0,0.0,0.0,0,0,0,0,0,0,1
7,0.023868024,166,0.023905175,1,0,2.180771e-06,0.0,0.0,6,0.0,0.0048734928,0.00073589996,0.0,0.0,1,0.0,0.0,0.0,0,0,0,0,0,0,0,0,0,0,0,0,0,0,0.0,0.0,0.0,0,0,0,0,0,0,0
16,0.0012056231,173,0.024241222,1,0,2.2158554e-06,0.0,0.0,6,0.0,0.0048734928,0.00073589996,0.0,0.0,1,0.0,0.0,0.0,0,0,0,0,0,0,0,0,0,0,0,0,0,0,0.0,0.0,0.0,0,0,0,0,0,0,0
32,0.6368367,177,0.238288,2,0,0.0,0.0,0.0,6,0.0,4.0612438e-05,9.658687e-06,0.0,0.0,1,0.0,0.0,0.0,0,0,0,0,0,0,0,0,0,0,0,0,0,0,0.0,0.0,0.0,0,0,0,0,0,0,0
13,0.028263211,171,0.028304338,1,0,2.143494e-06,0.0,0.0,6,0.0,0.0048734928,0.00073589996,0.0,0.0,1,0.0,0.0,0.0,0,0,0,0,0,0,0,0,0,0,0,0,0,0,0.0,0.0,0.0,0,0,0,0,0,0,0
46,0.8140461,679,0.08179694,2,2,5.437497e-06,1.3878696e-08,0.0,6,0.0,8.1224876e-05,2.2996874e-05,0.0,0.0,256,3.0516647e-05,0.003921569,0.0,1,1,1,1,0,0,0,0,0,0,0,0,0,0,0.0,0.0,0.0,0,0,0,0,0,0,0
23,0.6778885,173,0.006797318,1,0,0.0,0.0,0.0,0,0.0,0.0,0.0,8.20062e-06,9.433945e-06,1,0.0,0.0,0.0,0,0,0,0,0,0,0,0,0,0,0,0,0,0,0.0,0.0,0.0,0,0,0,0,0,0,1
9,0.8308941,386,0.08179694,2,2,6.6233783e-06,1.6962852e-08,0.0,6,0.0,8.1224876e-05,1.8704124e-05,0.0,0.0,224,3.0516647e-05,1.0,0.0,1,1,1,1,0,0,0,0,0,0,0,0,0,0,0.0,0.0,0.0,0,0,0,0,0,0,0
13,0.8759595,364,0.0008095681,2,2,1.6074629e-06,1.1822594e-08,1.8274642e-08,10,0.0,4.0612438e-05,1.1345124e-05,8.20062e-06,1.4150917e-05,220,3.0516647e-05,0.003921569,0.0,2,1,1,1,0,0,0,0,0,0,0,0,0,0,0.0,0.0,0.0,0,0,0,0,0,0,0
22,0.7079372,580,0.0012219896,1,0,0.0,0.0,0.0,11,0.0,4.0612438e-05,7.97225e-06,0.0,0.0,1,0.0,0.0,0.0,0,0,0,0,0,0,0,0,0,0,0,0,0,0,0.0,0.0,0.0,0,0,0,0,0,0,1
7,0.64927435,171,0.0008095681,2,2,3.8495696e-10,3.3411677e-08,0.0,6,0.0,8.1224876e-05,2.8516122e-05,0.0,0.0,108,3.0516647e-05,0.10980393,0.0,1,2,1,1,0,0,0,0,0,0,0,0,0,0,0.0,0.0,0.0,0,0,0,0,0,0,0
21,0.52799606,163,0.0008095681,2,2,4.2986867e-09,1.3364671e-08,1.532712e-08,10,0.0,4.0612438e-05,1.2264999e-05,8.20062e-06,1.2578593e-05,27,3.0516647e-05,0.003921569,0.6,1,2,1,2,0,0,0,0,0,0,0,0,0,0,0.0,0.0,0.0,0,0,0,0,0,0,1
10,0.891724,171,0.0008095681,2,2,5.476014e-08,7.9674e-09,3.124374e-08,10,0.0,4.0612438e-05,9.045437e-06,8.20062e-06,2.1069143e-05,258,3.0516647e-05,0.003921569,0.6,1,2,1,1,0,0,0,0,0,0,0,0,0,0,0.0,0.0,0.0,0,0,0,0,0,0,0
32,0.57084864,177,0.238288,2,0,0.0,0.0,0.0,6,0.0,4.0612438e-05,1.0118624e-05,0.0,0.0,1,0.0,0.0,0.0,0,0,0,0,0,0,0,0,0,0,0,0,0,0,0.0,0.0,0.0,0,0,0,0,0,0,0
32,0.7126833,177,0.238288,2,0,0.0,0.0,0.0,6,0.0,4.0612438e-05,9.658687e-06,0.0,0.0,1,0.0,0.0,0.0,0,0,0,0,0,0,0,0,0,0,0,0,0,0,0.0,0.0,0.0,0,0,0,0,0,0,0
7,0.9027118,171,0.0008095681,2,2,5.667422e-10,3.3411677e-08,0.0,6,0.0,8.1224876e-05,2.8516122e-05,0.0,0.0,108,3.0516647e-05,0.003921569,0.0,1,2,1,1,0,0,0,0,0,0,0,0,0,0,0.0,0.0,0.0,0,0,0,0,0,0,0
13,0.7767027,666,0.0008095681,2,2,3.2619441e-06,1.15655805e-08,5.570818e-08,10,0.0,4.0612438e-05,1.1191812e-05,8.20062e-06,3.4119435e-05,218,3.0516647e-05,0.003921569,0.0,2,1,1,1,0,0,0,0,0,0,0,0,0,0,0.0,0.0,0.0,0,0,0,0,0,0,0
10,0.8126421,171,0.0008095681,2,2,6.0630727e-09,7.9674e-09,3.124374e-08,10,0.0,4.0612438e-05,9.045437e-06,8.20062e-06,2.1069143e-05,258,3.0516647e-05,0.003921569,0.6,1,2,1,1,0,0,0,0,0,0,0,0,0,0,0.0,0.0,0.0,0,0,0,0,0,0,0
16,0.7633647,180,0.0012219896,1,0,2.3739017e-09,0.0,0.0,1,0.0,4.0612438e-05,7.3589995e-06,8.20062e-06,6.2892964e-06,1,0.0,0.0,0.0,0,0,0,0,0,0,0,0,0,0,0,0,0,0,0.0,0.0,0.0,0,0,0,0,0,0,1
16,0.79135317,171,0.0008095681,2,2,1.1190166e-06,1.2593632e-08,9.57945e-08,10,0.0,4.0612438e-05,1.1805062e-05,8.20062e-06,5.5503042e-05,524,3.0516647e-05,0.10980393,0.0,1,2,2,1,0,0,0,0,0,0,0,0,0,0,0.0,0.0,0.0,0,0,0,0,0,0,0
21,0.8922886,138,0.00032077223,1,3,3.8547685e-05,2.1589084e-08,6.3371736e-08,10,0.0,0.00073102384,0.00015760523,9.840744e-05,0.00012940228,1,0.0,0.0,0.0,0,0,0,0,0,0,0,0,0,0,0,0,0,0,0.0,0.0,0.0,0,0,0,0,0,0,1
7,0.52337205,166,0.1604167,1,0,0.0,0.0,0.0,0,0.0,0.0,0.0,0.0,0.0,1,0.0,0.0,0.0,0,0,0,0,0,0,0,0,0,0,0,0,0,0,0.0,0.0,0.0,0,0,0,0,0,0,0
20,0.7741236,185,0.006797318,1,0,2.187839e-08,0.0,0.0,1,0.0,4.0612438e-05,6.74575e-06,8.20062e-06,6.2892964e-06,1,0.0,0.0,0.0,0,0,0,0,0,0,0,0,0,0,0,0,0,0,0.0,0.0,0.0,0,0,0,0,0,0,1
21,0.77600074,163,0.0008095681,2,2,2.151482e-08,1.4906748e-08,1.7095633e-08,10,0.0,4.0612438e-05,1.3184874e-05,8.20062e-06,1.3521987e-05,575,3.0516647e-05,0.003921569,0.6,1,2,1,2,0,0,0,0,0,0,0,0,0,0,0.0,0.0,0.0,0,0,0,0,0,0,1
21,0.6493354,169,0.00032077223,1,0,2.0317181e-10,0.0,0.0,1,0.0,4.0612438e-05,9.1987495e-06,8.20062e-06,6.2892964e-06,1,0.0,0.0,0.0,0,0,0,0,0,0,0,0,0,0,0,0,0,0,0.0,0.0,0.0,0,0,0,0,0,0,1
21,0.835274,171,0.0012219896,1,5,1.1629339e-06,7.093556e-08,5.6562965e-07,10,0.0,0.0002030622,8.3401996e-05,4.9203718e-05,0.0003520434,1,0.0,0.0,0.0,0,0,0,0,0,0,0,0,0,0,0,0,0,0,0.0,0.0,0.0,0,0,0,0,0,0,1
2,0.5346651,171,0.0008095681,2,2,7.474583e-09,0.0,6.248748e-08,12,0.0,0.0,0.0,1.640124e-05,4.2138287e-05,1,0.0,0.0,0.0,0,0,0,0,0,0,0,0,0,0,0,0,0,0,0.0,0.0,0.0,0,0,0,0,0,0,0
21,0.6251011,171,0.0012219896,1,5,4.8857462e-08,3.9579987e-08,1.4767089e-07,10,0.0,0.0002030622,6.4697866e-05,4.10031e-05,0.000120911725,1,0.0,0.0,0.0,0,0,0,0,0,0,0,0,0,0,0,0,0,0,0.0,0.0,0.0,0,0,0,0,0,0,1
20,0.56726235,166,0.00032077223,1,0,2.769552e-09,0.0,0.0,1,0.0,4.0612438e-05,9.1987495e-06,8.20062e-06,6.2892964e-06,1,0.0,0.0,0.0,0,0,0,0,0,0,0,0,0,0,0,0,0,0,0.0,0.0,0.0,0,0,0,0,0,0,1
7,0.8764021,171,0.0008095681,2,2,3.4218395e-10,3.3411677e-08,0.0,6,0.0,8.1224876e-05,2.8516122e-05,0.0,0.0,108,3.0516647e-05,0.003921569,0.0,1,2,1,1,0,0,0,0,0,0,0,0,0,0,0.0,0.0,0.0,0,0,0,0,0,0,0
20,0.9605963,175,0.01965876,1,0,5.207613e-08,0.0,0.0,1,0.0,8.1224876e-05,1.3491499e-05,8.20062e-06,6.2892964e-06,1,0.0,0.0,0.0,0,0,0,0,0,0,0,0,0,0,0,0,0,0,0.0,0.0,0.0,0,0,0,0,0,0,1
16,0.75503224,180,0.0012219896,1,0,1.3794292e-09,0.0,0.0,1,0.0,4.0612438e-05,7.3589995e-06,8.20062e-06,6.2892964e-06,1,0.0,0.0,0.0,0,0,0,0,0,0,0,0,0,0,0,0,0,0,0.0,0.0,0.0,0,0,0,0,0,0,1
22,0.71904707,141,0.0012219896,1,0,0.0,0.0,0.0,11,0.0,4.0612438e-05,7.97225e-06,0.0,0.0,1,0.0,0.0,0.0,0,0,0,0,0,0,0,0,0,0,0,0,0,0,0.0,0.0,0.0,0,0,0,0,0,0,1
20,0.6262762,163,0.0008095681,2,2,1.1841706e-07,1.3364671e-08,1.532712e-08,10,0.0,4.0612438e-05,1.2264999e-05,8.20062e-06,1.2578593e-05,27,3.0516647e-05,0.003921569,0.6,1,2,1,2,0,0,0,0,0,0,0,0,0,0,0.0,0.0,0.0,0,0,0,0,0,0,1
11,0.123292744,169,0.02642553,1,0,2.3961113e-06,0.0,0.0,6,0.0,0.0048734928,0.00073589996,0.0,0.0,1,0.0,0.0,0.0,0,0,0,0,0,0,0,0,0,0,0,0,0,0,0.0,0.0,0.0,0,0,0,0,0,0,0
16,0.75136966,182,0.06788153,1,0,0.0,0.0,0.0,0,0.0,4.0612438e-05,6.1325e-06,0.0,0.0,1,0.0,0.0,0.0,0,0,0,0,0,0,0,0,0,0,0,0,0,0,0.0,0.0,0.0,0,0,0,0,0,0,1
10,0.9258931,171,0.0008095681,2,2,1.4136478e-08,1.0537529e-08,2.6232954e-08,10,0.0,4.0612438e-05,1.0578562e-05,8.20062e-06,1.8396193e-05,259,3.0516647e-05,0.003921569,0.6,1,2,1,1,0,0,0,0,0,0,0,0,0,0,0.0,0.0,0.0,0,0,0,0,0,0,0
20,0.549987,171,0.0012219896,1,0,1.432147e-07,0.0,0.0,7,0.0,8.1224876e-05,1.7170998e-05,8.20062e-06,9.433945e-06,1,0.0,0.0,0.0,0,0,0,0,0,0,0,0,0,0,0,0,0,0,0.0,0.0,0.0,0,0,0,0,0,0,1
22,0.76663053,138,0.0012219896,1,0,0.0,0.0,0.0,11,0.0,4.0612438e-05,7.97225e-06,0.0,0.0,1,0.0,0.0,0.0,0,0,0,0,0,0,0,0,0,0,0,0,0,0,0.0,0.0,0.0,0,0,0,0,0,0,1
20,0.87293786,163,0.0008095681,2,2,1.2831913e-10,1.4906748e-08,1.7095633e-08,10,0.0,4.0612438e-05,1.3184874e-05,8.20062e-06,1.3521987e-05,575,3.0516647e-05,0.003921569,0.6,1,2,1,2,0,0,0,0,0,0,0,0,0,0,0.0,0.0,0.0,0,0,0,0,0,0,1
10,0.7249073,171,0.0008095681,2,2,2.1867697e-08,1.0537529e-08,2.6232954e-08,10,0.0,4.0612438e-05,1.0578562e-05,8.20062e-06,1.8396193e-05,259,3.0516647e-05,0.003921569,0.6,1,2,1,1,0,0,0,0,0,0,0,0,0,0,0.0,0.0,0.0,0,0,0,0,0,0,0
20,0.86414754,174,0.0012219896,1,0,0.000113559196,0.0,0.0,0,0.0,8.1224876e-05,1.5944499e-05,1.640124e-05,1.886789e-05,1,0.0,0.0,0.0,0,0,0,0,0,0,0,0,0,0,0,0,0,0,0.0,0.0,0.0,0,0,0,0,0,0,1
22,0.93355405,170,0.008004032,1,0,0.0,0.0,0.0,6,0.0,4.0612438e-05,6.74575e-06,0.0,0.0,1,0.0,0.0,0.0,0,0,0,0,0,0,0,0,0,0,0,0,0,0,0.0,0.0,0.0,0,0,0,0,0,0,1
20,0.6540968,171,0.0012219896,1,5,2.246652e-08,4.2921155e-08,8.739405e-07,10,0.0,0.0002030622,6.669093e-05,5.740434e-05,0.00052468455,1,0.0,0.0,0.0,0,0,0,0,0,0,0,0,0,0,0,0,0,0,0.0,0.0,0.0,0,0,0,0,0,0,1
26,0.52799606,173,0.006797318,1,0,0.0,0.0,0.0,0,0.0,4.0612438e-05,0.00022996872,0.0,0.0,1,0.0,0.0,0.0,0,0,0,0,0,0,0,0,0,0,0,0,0,0,0.0,0.0,0.0,0,0,0,0,0,0,1
8,0.9742396,404,0.029022256,2,0,6.4172185e-05,1.05632296e-07,0.0,6,0.0,0.000121837315,7.588968e-05,0.0,0.0,1,0.0,0.0,0.0,0,0,0,0,0,0,0,0,0,0,0,0,0,0,0.0,0.0,0.0,0,0,0,0,0,0,0
4,0.86228573,175,0.8734477,2,0,4.46164e-05,1.3148781e-06,0.0,6,0.0,0.000649799,0.00085303065,0.0,0.0,1,0.0,0.0,0.0,0,0,0,0,0,0,0,0,0,0,0,0,0,0,0.0,0.0,0.0,0,0,0,0,0,0,0
7,0.6033391,171,0.0008095681,2,2,1.0800183e-09,3.3411677e-08,0.0,6,0.0,8.1224876e-05,2.8516122e-05,0.0,0.0,108,3.0516647e-05,0.10980393,0.0,1,2,1,1,0,0,0,0,0,0,0,0,0,0,0.0,0.0,0.0,0,0,0,0,0,0,0
21,0.55316126,140,0.0012219896,1,5,1.49604475e-05,1.2002502e-07,3.590967e-06,10,0.0,0.0002030622,0.00011268468,9.840744e-05,0.0020149334,1,0.0,0.0,0.0,0,0,0,0,0,0,0,0,0,0,0,0,0,0,0.0,0.0,0.0,0,0,0,0,0,0,1
16,0.0012056231,173,0.019414362,1,0,2.8653635e-06,0.0,0.0,6,0.0,0.0048734928,0.00073589996,0.0,0.0,1,0.0,0.0,0.0,0,0,0,0,0,0,0,0,0,0,0,0,0,0,0.0,0.0,0.0,0,0,0,0,0,0,0
7,0.028675199,166,0.7909634,1,0,0.0,0.0,0.0,0,0.0,0.0,0.0,0.0,0.0,1,0.0,0.0,0.0,0,0,0,0,0,0,0,0,0,0,0,0,0,0,0.0,0.0,0.0,0,0,0,0,0,0,0
7,0.52337205,166,0.1604167,1,0,0.0,0.0,0.0,0,0.0,0.0,0.0,0.0,0.0,1,0.0,0.0,0.0,0,0,0,0,0,0,0,0,0,0,0,0,0,0,0.0,0.0,0.0,0,0,0,0,0,0,0
20,0.7730401,171,0.0012219896,1,5,2.1031165e-06,6.039803e-08,5.6562965e-07,10,0.0,0.00024367461,8.508843e-05,4.9203718e-05,0.0003520434,1,0.0,0.0,0.0,0,0,0,0,0,0,0,0,0,0,0,0,0,0,0.0,0.0,0.0,0,0,0,0,0,0,1
16,0.76341045,180,0.0012219896,1,0,1.0479386e-09,0.0,0.0,1,0.0,4.0612438e-05,7.3589995e-06,8.20062e-06,6.2892964e-06,1,0.0,0.0,0.0,0,0,0,0,0,0,0,0,0,0,0,0,0,0,0.0,0.0,0.0,0,0,0,0,0,0,1
20,0.00051891804,171,0.0005346204,1,0,1.5826012e-09,0.0,0.0,1,0.0,4.0612438e-05,6.1325e-06,8.20062e-06,6.2892964e-06,1,0.0,0.0,0.0,0,0,0,0,0,0,0,0,0,0,0,0,0,0,0.0,0.0,0.0,0,0,0,0,0,0,1
16,0.755078,182,0.12342096,1,0,1.1441779e-09,0.0,0.0,1,0.0,4.0612438e-05,7.3589995e-06,8.20062e-06,6.2892964e-06,1,0.0,0.0,0.0,0,0,0,0,0,0,0,0,0,0,0,0,0,0,0.0,0.0,0.0,0,0,0,0,0,0,1
16,0.75974786,180,0.0012219896,1,0,1.3366565e-09,0.0,0.0,1,0.0,4.0612438e-05,7.3589995e-06,8.20062e-06,6.2892964e-06,1,0.0,0.0,0.0,0,0,0,0,0,0,0,0,0,0,0,0,0,0,0.0,0.0,0.0,0,0,0,0,0,0,1
7,0.028675199,166,0.7909634,1,0,0.0,0.0,0.0,0,0.0,0.0,0.0,0.0,0.0,1,0.0,0.0,0.0,0,0,0,0,0,0,0,0,0,0,0,0,0,0,0.0,0.0,0.0,0,0,0,0,0,0,0
21,0.8918003,169,0.00032077223,1,0,1.3901236e-10,0.0,0.0,1,0.0,4.0612438e-05,9.1987495e-06,8.20062e-06,6.2892964e-06,1,0.0,0.0,0.0,0,0,0,0,0,0,0,0,0,0,0,0,0,0,0.0,0.0,0.0,0,0,0,0,0,0,1
16,0.75729084,180,0.0012219896,1,0,1.5398283e-09,0.0,0.0,1,0.0,4.0612438e-05,7.3589995e-06,8.20062e-06,6.2892964e-06,1,0.0,0.0,0.0,0,0,0,0,0,0,0,0,0,0,0,0,0,0,0.0,0.0,0.0,0,0,0,0,0,0,1
48,0.90626764,679,0.08179694,2,2,0.0,0.0,0.0,6,0.0,4.0612438e-05,1.2418312e-05,0.0,0.0,226,3.0516647e-05,1.0,0.0,1,1,1,1,0,0,0,0,0,0,0,0,0,0,0.0,0.0,0.0,0,0,0,0,0,0,0
23,0.58806294,173,0.006797318,1,0,0.0,0.0,0.0,0,0.0,4.0612438e-05,0.00022996872,0.0,0.0,1,0.0,0.0,0.0,0,0,0,0,0,0,0,0,0,0,0,0,0,0,0.0,0.0,0.0,0,0,0,0,0,0,1
16,0.76067877,180,0.0012219896,1,0,3.8067977e-08,0.0,0.0,1,0.0,4.0612438e-05,7.3589995e-06,8.20062e-06,6.2892964e-06,1,0.0,0.0,0.0,0,0,0,0,0,0,0,0,0,0,0,0,0,0,0.0,0.0,0.0,0,0,0,0,0,0,1
